Column Tested,Average PM2.5 Difference,T-test Statistic,P-value,Significant
PM2.5 Difference Hartford to West Hartford (BiCi Co Park and Ledyard),3.791857536874925,84.31069090623208,0.0,Yes
PM2.5 Difference Hartford to West Hartford (BiCi Co and Kingswood Oxford School),0.9595057263411692,31.617792205459867,2.91964850791635e-207,Yes
PM2.5 Difference Hartford to West Hartford (Hartford City Mission and Ledyard),3.5767247833992943,91.6984363351183,0.0,Yes
PM2.5 Difference Hartford to West Hartford (Hartford City Mission and Kingswood Oxford School),0.6676293103448276,25.55164232781414,3.173461998092906e-139,Yes
