Difference Column,Temporal Category,Category,T-Statistic,P-Value,Significant,Mean Difference
PM2.5 Difference Hartford to West Hartford (BiCi Co Park and Ledyard),weekday,0.0,-6.649701108662588,4.417487545385485e-11,Yes,Lower
PM2.5 Difference Hartford to West Hartford (BiCi Co Park and Ledyard),weekday,1.0,-2.8358971097116243,0.004646337333752244,Yes,Lower
PM2.5 Difference Hartford to West Hartford (BiCi Co Park and Ledyard),weekday,2.0,0.7848100012684354,0.43272026774116246,No,Higher
PM2.5 Difference Hartford to West Hartford (BiCi Co Park and Ledyard),weekday,3.0,1.8974770299988222,0.05801377602523597,No,Higher
PM2.5 Difference Hartford to West Hartford (BiCi Co Park and Ledyard),weekday,4.0,4.2705720085862735,2.1084363449378466e-05,Yes,Higher
PM2.5 Difference Hartford to West Hartford (BiCi Co Park and Ledyard),weekday,5.0,4.610170340934691,4.455702421954606e-06,Yes,Higher
PM2.5 Difference Hartford to West Hartford (BiCi Co Park and Ledyard),weekday,6.0,-4.152459790786529,3.523071159876838e-05,Yes,Lower
PM2.5 Difference Hartford to West Hartford (BiCi Co Park and Ledyard),weekday_name,Monday,-6.649701108662588,4.417487545385485e-11,Yes,Lower
PM2.5 Difference Hartford to West Hartford (BiCi Co Park and Ledyard),weekday_name,Tuesday,-2.8358971097116243,0.004646337333752244,Yes,Lower
PM2.5 Difference Hartford to West Hartford (BiCi Co Park and Ledyard),weekday_name,Wednesday,0.7848100012684354,0.43272026774116246,No,Higher
PM2.5 Difference Hartford to West Hartford (BiCi Co Park and Ledyard),weekday_name,Thursday,1.8974770299988222,0.05801377602523597,No,Higher
PM2.5 Difference Hartford to West Hartford (BiCi Co Park and Ledyard),weekday_name,Friday,4.2705720085862735,2.1084363449378466e-05,Yes,Higher
PM2.5 Difference Hartford to West Hartford (BiCi Co Park and Ledyard),weekday_name,Saturday,4.610170340934691,4.455702421954606e-06,Yes,Higher
PM2.5 Difference Hartford to West Hartford (BiCi Co Park and Ledyard),weekday_name,Sunday,-4.152459790786529,3.523071159876838e-05,Yes,Lower
PM2.5 Difference Hartford to West Hartford (BiCi Co Park and Ledyard),month,1.0,2.134107293115427,0.03316078099400254,Yes,Higher
PM2.5 Difference Hartford to West Hartford (BiCi Co Park and Ledyard),month,2.0,-2.569073742690822,0.01042006344311,Yes,Lower
PM2.5 Difference Hartford to West Hartford (BiCi Co Park and Ledyard),month,3.0,-21.356039322865875,3.845096482983609e-79,Yes,Lower
PM2.5 Difference Hartford to West Hartford (BiCi Co Park and Ledyard),month,4.0,-18.90716660382532,1.002327993460468e-66,Yes,Lower
PM2.5 Difference Hartford to West Hartford (BiCi Co Park and Ledyard),month,5.0,-19.0057620445958,1.0353667154325226e-65,Yes,Lower
PM2.5 Difference Hartford to West Hartford (BiCi Co Park and Ledyard),month,6.0,5.092400248934226,7.589211398299395e-07,Yes,Higher
PM2.5 Difference Hartford to West Hartford (BiCi Co Park and Ledyard),month,7.0,7.4204858452633795,3.1847660473150746e-13,Yes,Higher
PM2.5 Difference Hartford to West Hartford (BiCi Co Park and Ledyard),month,8.0,-4.664213823614875,3.673488646138152e-06,Yes,Lower
PM2.5 Difference Hartford to West Hartford (BiCi Co Park and Ledyard),month,9.0,5.4518171628021985,6.864692169040582e-08,Yes,Higher
PM2.5 Difference Hartford to West Hartford (BiCi Co Park and Ledyard),month,10.0,-0.9546963423441838,0.3400426160555794,No,Lower
PM2.5 Difference Hartford to West Hartford (BiCi Co Park and Ledyard),month,11.0,0.046102988873841136,0.9632409476138761,No,Higher
PM2.5 Difference Hartford to West Hartford (BiCi Co Park and Ledyard),month,12.0,8.861799268288989,5.756892383685776e-18,Yes,Higher
PM2.5 Difference Hartford to West Hartford (BiCi Co Park and Ledyard),month_name,January,2.134107293115427,0.03316078099400254,Yes,Higher
PM2.5 Difference Hartford to West Hartford (BiCi Co Park and Ledyard),month_name,February,-2.569073742690822,0.01042006344311,Yes,Lower
PM2.5 Difference Hartford to West Hartford (BiCi Co Park and Ledyard),month_name,March,-21.356039322865875,3.845096482983609e-79,Yes,Lower
PM2.5 Difference Hartford to West Hartford (BiCi Co Park and Ledyard),month_name,April,-18.90716660382532,1.002327993460468e-66,Yes,Lower
PM2.5 Difference Hartford to West Hartford (BiCi Co Park and Ledyard),month_name,May,-19.0057620445958,1.0353667154325226e-65,Yes,Lower
PM2.5 Difference Hartford to West Hartford (BiCi Co Park and Ledyard),month_name,June,5.092400248934226,7.589211398299395e-07,Yes,Higher
PM2.5 Difference Hartford to West Hartford (BiCi Co Park and Ledyard),month_name,July,7.4204858452633795,3.1847660473150746e-13,Yes,Higher
PM2.5 Difference Hartford to West Hartford (BiCi Co Park and Ledyard),month_name,August,-4.664213823614875,3.673488646138152e-06,Yes,Lower
PM2.5 Difference Hartford to West Hartford (BiCi Co Park and Ledyard),month_name,September,5.4518171628021985,6.864692169040582e-08,Yes,Higher
PM2.5 Difference Hartford to West Hartford (BiCi Co Park and Ledyard),month_name,October,-0.9546963423441838,0.3400426160555794,No,Lower
PM2.5 Difference Hartford to West Hartford (BiCi Co Park and Ledyard),month_name,November,0.046102988873841136,0.9632409476138761,No,Higher
PM2.5 Difference Hartford to West Hartford (BiCi Co Park and Ledyard),month_name,December,8.861799268288989,5.756892383685776e-18,Yes,Higher
PM2.5 Difference Hartford to West Hartford (BiCi Co Park and Ledyard),time_of_day,morning,6.6355894182749715,4.111300059219307e-11,Yes,Higher
PM2.5 Difference Hartford to West Hartford (BiCi Co Park and Ledyard),time_of_day,midday,-7.754683457300674,1.292067821989763e-14,Yes,Lower
PM2.5 Difference Hartford to West Hartford (BiCi Co Park and Ledyard),time_of_day,evening,-4.231296632237095,2.4441877537449592e-05,Yes,Lower
PM2.5 Difference Hartford to West Hartford (BiCi Co Park and Ledyard),time_of_day,night,3.6447556505525176,0.00027420390592089076,Yes,Higher
PM2.5 Difference Hartford to West Hartford (BiCi Co Park and Ledyard),rush_hour,0.0,0.03928610531231195,0.9686633518416802,No,Higher
PM2.5 Difference Hartford to West Hartford (BiCi Co Park and Ledyard),rush_hour,1.0,-0.13296840573016735,0.8942453886896019,No,Lower
PM2.5 Difference Hartford to West Hartford (BiCi Co Park and Ledyard),season,Fall,2.546570136012644,0.01094695437023623,Yes,Higher
PM2.5 Difference Hartford to West Hartford (BiCi Co Park and Ledyard),season,Spring,-34.11055689602279,7.150658769619114e-207,Yes,Lower
PM2.5 Difference Hartford to West Hartford (BiCi Co Park and Ledyard),season,Summer,7.142955082437821,1.3458339754484943e-12,Yes,Higher
PM2.5 Difference Hartford to West Hartford (BiCi Co Park and Ledyard),season,Winter,6.303007345000706,3.5360144694187134e-10,Yes,Higher
PM2.5 Difference Hartford to West Hartford (BiCi Co Park and Ledyard),hour,0.0,1.5062514138742633,0.13291240759323072,No,Higher
PM2.5 Difference Hartford to West Hartford (BiCi Co Park and Ledyard),hour,1.0,2.0431428074760127,0.041793338756985154,Yes,Higher
PM2.5 Difference Hartford to West Hartford (BiCi Co Park and Ledyard),hour,2.0,1.599098916376069,0.11071399038806792,No,Higher
PM2.5 Difference Hartford to West Hartford (BiCi Co Park and Ledyard),hour,3.0,1.7425414254441418,0.08230479698517756,No,Higher
PM2.5 Difference Hartford to West Hartford (BiCi Co Park and Ledyard),hour,4.0,2.2524753176372263,0.024918501649391075,Yes,Higher
PM2.5 Difference Hartford to West Hartford (BiCi Co Park and Ledyard),hour,5.0,2.888683892410741,0.00411295415191765,Yes,Higher
PM2.5 Difference Hartford to West Hartford (BiCi Co Park and Ledyard),hour,6.0,3.860357101297731,0.0001351604440853087,Yes,Higher
PM2.5 Difference Hartford to West Hartford (BiCi Co Park and Ledyard),hour,7.0,3.8947960421111776,0.00011802499193588717,Yes,Higher
PM2.5 Difference Hartford to West Hartford (BiCi Co Park and Ledyard),hour,8.0,2.530830553110875,0.011823169423179576,Yes,Higher
PM2.5 Difference Hartford to West Hartford (BiCi Co Park and Ledyard),hour,9.0,0.6711183148785936,0.5025942292169565,No,Higher
PM2.5 Difference Hartford to West Hartford (BiCi Co Park and Ledyard),hour,10.0,-0.29252733898343397,0.7700587993817212,No,Lower
PM2.5 Difference Hartford to West Hartford (BiCi Co Park and Ledyard),hour,11.0,-1.991894440753885,0.0471660140770667,Yes,Lower
PM2.5 Difference Hartford to West Hartford (BiCi Co Park and Ledyard),hour,12.0,-2.741424908280377,0.0064341883094922205,Yes,Lower
PM2.5 Difference Hartford to West Hartford (BiCi Co Park and Ledyard),hour,13.0,-3.448172315635974,0.0006338161922237039,Yes,Lower
PM2.5 Difference Hartford to West Hartford (BiCi Co Park and Ledyard),hour,14.0,-4.050916976571164,6.302187422870122e-05,Yes,Lower
PM2.5 Difference Hartford to West Hartford (BiCi Co Park and Ledyard),hour,15.0,-4.025828127234321,6.979605311360953e-05,Yes,Lower
PM2.5 Difference Hartford to West Hartford (BiCi Co Park and Ledyard),hour,16.0,-4.544521788897311,7.6061783960332665e-06,Yes,Lower
PM2.5 Difference Hartford to West Hartford (BiCi Co Park and Ledyard),hour,17.0,-4.371487701997055,1.6317164020806617e-05,Yes,Lower
PM2.5 Difference Hartford to West Hartford (BiCi Co Park and Ledyard),hour,18.0,-3.8244095940049765,0.00015510036884731153,Yes,Lower
PM2.5 Difference Hartford to West Hartford (BiCi Co Park and Ledyard),hour,19.0,-2.920848516005192,0.0037185484552694752,Yes,Lower
PM2.5 Difference Hartford to West Hartford (BiCi Co Park and Ledyard),hour,20.0,-1.4518429416943743,0.14744880218689474,No,Lower
PM2.5 Difference Hartford to West Hartford (BiCi Co Park and Ledyard),hour,21.0,0.3003860970392608,0.764063068843756,No,Higher
PM2.5 Difference Hartford to West Hartford (BiCi Co Park and Ledyard),hour,22.0,1.1766009899541923,0.2401636310481765,No,Higher
PM2.5 Difference Hartford to West Hartford (BiCi Co Park and Ledyard),hour,23.0,0.7861977473246258,0.4322881946017052,No,Higher
PM2.5 Difference Hartford to West Hartford (BiCi Co Park and Ledyard),day_of_month,1.0,6.855256200599539,4.6216148291339974e-11,Yes,Higher
PM2.5 Difference Hartford to West Hartford (BiCi Co Park and Ledyard),day_of_month,2.0,5.509670157952016,8.561982938590196e-08,Yes,Higher
PM2.5 Difference Hartford to West Hartford (BiCi Co Park and Ledyard),day_of_month,3.0,-0.8397202281733506,0.40182794098399266,No,Lower
PM2.5 Difference Hartford to West Hartford (BiCi Co Park and Ledyard),day_of_month,4.0,0.8769047808874231,0.38133864029511333,No,Higher
PM2.5 Difference Hartford to West Hartford (BiCi Co Park and Ledyard),day_of_month,5.0,1.7896554845696795,0.07465540322417763,No,Higher
PM2.5 Difference Hartford to West Hartford (BiCi Co Park and Ledyard),day_of_month,6.0,4.695470254148147,4.287143317719141e-06,Yes,Higher
PM2.5 Difference Hartford to West Hartford (BiCi Co Park and Ledyard),day_of_month,7.0,-2.9732927693280455,0.0032195642195648787,Yes,Lower
PM2.5 Difference Hartford to West Hartford (BiCi Co Park and Ledyard),day_of_month,8.0,-0.10046073545883058,0.9200542296018581,No,Lower
PM2.5 Difference Hartford to West Hartford (BiCi Co Park and Ledyard),day_of_month,9.0,2.0320555167035135,0.04315302395372049,Yes,Higher
PM2.5 Difference Hartford to West Hartford (BiCi Co Park and Ledyard),day_of_month,10.0,-0.34440240532275407,0.7308220780918266,No,Lower
PM2.5 Difference Hartford to West Hartford (BiCi Co Park and Ledyard),day_of_month,11.0,-4.985521103634727,1.122750079925589e-06,Yes,Lower
PM2.5 Difference Hartford to West Hartford (BiCi Co Park and Ledyard),day_of_month,12.0,-0.5984173326655658,0.5500765163549277,No,Lower
PM2.5 Difference Hartford to West Hartford (BiCi Co Park and Ledyard),day_of_month,13.0,-2.3311901889794333,0.02049933153699654,Yes,Lower
PM2.5 Difference Hartford to West Hartford (BiCi Co Park and Ledyard),day_of_month,14.0,-8.409831654711878,2.6367959082607863e-15,Yes,Lower
PM2.5 Difference Hartford to West Hartford (BiCi Co Park and Ledyard),day_of_month,15.0,-4.06956792077891,6.233038057935776e-05,Yes,Lower
PM2.5 Difference Hartford to West Hartford (BiCi Co Park and Ledyard),day_of_month,16.0,-1.7732387157953649,0.0772879474763343,No,Lower
PM2.5 Difference Hartford to West Hartford (BiCi Co Park and Ledyard),day_of_month,17.0,0.28024725648995424,0.7794897052019956,No,Higher
PM2.5 Difference Hartford to West Hartford (BiCi Co Park and Ledyard),day_of_month,18.0,-8.351607723954006,2.9039390219253304e-15,Yes,Lower
PM2.5 Difference Hartford to West Hartford (BiCi Co Park and Ledyard),day_of_month,19.0,-3.954168368604024,9.680455211426165e-05,Yes,Lower
PM2.5 Difference Hartford to West Hartford (BiCi Co Park and Ledyard),day_of_month,20.0,-5.21585662474049,3.664716873931931e-07,Yes,Lower
PM2.5 Difference Hartford to West Hartford (BiCi Co Park and Ledyard),day_of_month,21.0,-3.727222905178176,0.0002370287544829414,Yes,Lower
PM2.5 Difference Hartford to West Hartford (BiCi Co Park and Ledyard),day_of_month,22.0,-5.03165280319735,9.43807589535246e-07,Yes,Lower
PM2.5 Difference Hartford to West Hartford (BiCi Co Park and Ledyard),day_of_month,23.0,0.5015334237516081,0.6164613145775734,No,Higher
PM2.5 Difference Hartford to West Hartford (BiCi Co Park and Ledyard),day_of_month,24.0,2.697796253995728,0.007438490063602853,Yes,Higher
PM2.5 Difference Hartford to West Hartford (BiCi Co Park and Ledyard),day_of_month,25.0,0.10384190246440114,0.9173707786343237,No,Higher
PM2.5 Difference Hartford to West Hartford (BiCi Co Park and Ledyard),day_of_month,26.0,3.235701739264654,0.001345901179813843,Yes,Higher
PM2.5 Difference Hartford to West Hartford (BiCi Co Park and Ledyard),day_of_month,27.0,3.0146929761456818,0.0027841987646496607,Yes,Higher
PM2.5 Difference Hartford to West Hartford (BiCi Co Park and Ledyard),day_of_month,28.0,1.4682070852514246,0.14305863617755873,No,Higher
PM2.5 Difference Hartford to West Hartford (BiCi Co Park and Ledyard),day_of_month,29.0,-3.243407060306975,0.0013116437080009763,Yes,Lower
PM2.5 Difference Hartford to West Hartford (BiCi Co Park and Ledyard),day_of_month,30.0,2.8297621527408374,0.005017485191416072,Yes,Higher
PM2.5 Difference Hartford to West Hartford (BiCi Co Park and Ledyard),day_of_month,31.0,-17.534621284024347,1.0391659962709593e-39,Yes,Lower
PM2.5 Difference Hartford to West Hartford (BiCi Co Park and Ledyard),week_of_year,1,1.039990416659904,0.29984769062997063,No,Higher
PM2.5 Difference Hartford to West Hartford (BiCi Co Park and Ledyard),week_of_year,2,-3.0122944745528435,0.0029963572792747716,Yes,Lower
PM2.5 Difference Hartford to West Hartford (BiCi Co Park and Ledyard),week_of_year,3,-1.2747478843887654,0.20416926115114456,No,Lower
PM2.5 Difference Hartford to West Hartford (BiCi Co Park and Ledyard),week_of_year,4,8.074619417039022,1.278790690960083e-13,Yes,Higher
PM2.5 Difference Hartford to West Hartford (BiCi Co Park and Ledyard),week_of_year,5,1.0235941013601184,0.3075074739132606,No,Higher
PM2.5 Difference Hartford to West Hartford (BiCi Co Park and Ledyard),week_of_year,6,-0.507883683704305,0.6122050651757244,No,Lower
PM2.5 Difference Hartford to West Hartford (BiCi Co Park and Ledyard),week_of_year,7,-9.899780380764227,1.8058438675192397e-18,Yes,Lower
PM2.5 Difference Hartford to West Hartford (BiCi Co Park and Ledyard),week_of_year,8,-5.6157780762372305,1.3040873649370505e-07,Yes,Lower
PM2.5 Difference Hartford to West Hartford (BiCi Co Park and Ledyard),week_of_year,9,-1.5385980762426013,0.12579503835064326,No,Lower
PM2.5 Difference Hartford to West Hartford (BiCi Co Park and Ledyard),week_of_year,10,-8.23016997834181,5.2342699199209404e-14,Yes,Lower
PM2.5 Difference Hartford to West Hartford (BiCi Co Park and Ledyard),week_of_year,11,-9.693221670525013,6.612987103726217e-18,Yes,Lower
PM2.5 Difference Hartford to West Hartford (BiCi Co Park and Ledyard),week_of_year,12,-17.74428907987651,8.06057133973118e-40,Yes,Lower
PM2.5 Difference Hartford to West Hartford (BiCi Co Park and Ledyard),week_of_year,13,-10.907926473574497,2.9461753912907975e-21,Yes,Lower
PM2.5 Difference Hartford to West Hartford (BiCi Co Park and Ledyard),week_of_year,14,-18.69769118173467,8.349866220491204e-43,Yes,Lower
PM2.5 Difference Hartford to West Hartford (BiCi Co Park and Ledyard),week_of_year,15,-6.383930972632286,1.6406099783730454e-09,Yes,Lower
PM2.5 Difference Hartford to West Hartford (BiCi Co Park and Ledyard),week_of_year,16,-11.733094738215728,1.4353139735052878e-23,Yes,Lower
PM2.5 Difference Hartford to West Hartford (BiCi Co Park and Ledyard),week_of_year,17,-8.481208901102343,8.436317052349499e-16,Yes,Lower
PM2.5 Difference Hartford to West Hartford (BiCi Co Park and Ledyard),week_of_year,18,-12.835676826866155,2.0300294876286785e-27,Yes,Lower
PM2.5 Difference Hartford to West Hartford (BiCi Co Park and Ledyard),week_of_year,19,-5.50035079541682,1.3997766005030428e-07,Yes,Lower
PM2.5 Difference Hartford to West Hartford (BiCi Co Park and Ledyard),week_of_year,20,-13.566437038653747,9.695000589363526e-29,Yes,Lower
PM2.5 Difference Hartford to West Hartford (BiCi Co Park and Ledyard),week_of_year,21,-4.609595627409767,8.491215174621728e-06,Yes,Lower
PM2.5 Difference Hartford to West Hartford (BiCi Co Park and Ledyard),week_of_year,22,-1.538666342773979,0.12760028265088458,No,Lower
PM2.5 Difference Hartford to West Hartford (BiCi Co Park and Ledyard),week_of_year,23,,,No,Lower
PM2.5 Difference Hartford to West Hartford (BiCi Co Park and Ledyard),week_of_year,24,0.0382053258129553,0.9696487361565441,No,Higher
PM2.5 Difference Hartford to West Hartford (BiCi Co Park and Ledyard),week_of_year,25,-22.892674087219298,1.140934732305705e-19,Yes,Lower
PM2.5 Difference Hartford to West Hartford (BiCi Co Park and Ledyard),week_of_year,26,9.654108477360243,1.0095115112226998e-17,Yes,Higher
PM2.5 Difference Hartford to West Hartford (BiCi Co Park and Ledyard),week_of_year,27,2.1225606329835505,0.03523874506986184,Yes,Higher
PM2.5 Difference Hartford to West Hartford (BiCi Co Park and Ledyard),week_of_year,28,0.5574335369878536,0.5779776527495307,No,Higher
PM2.5 Difference Hartford to West Hartford (BiCi Co Park and Ledyard),week_of_year,29,7.5634046710236245,2.4960853692974753e-12,Yes,Higher
PM2.5 Difference Hartford to West Hartford (BiCi Co Park and Ledyard),week_of_year,30,6.333459510998216,2.1371774061170327e-09,Yes,Higher
PM2.5 Difference Hartford to West Hartford (BiCi Co Park and Ledyard),week_of_year,31,-1.0249906956485215,0.3068499864687007,No,Lower
PM2.5 Difference Hartford to West Hartford (BiCi Co Park and Ledyard),week_of_year,32,2.6762748056583496,0.00818649899067029,Yes,Higher
PM2.5 Difference Hartford to West Hartford (BiCi Co Park and Ledyard),week_of_year,33,-6.852839984613255,1.3314856047885095e-10,Yes,Lower
PM2.5 Difference Hartford to West Hartford (BiCi Co Park and Ledyard),week_of_year,34,-2.7155198905864153,0.00731318824478962,Yes,Lower
PM2.5 Difference Hartford to West Hartford (BiCi Co Park and Ledyard),week_of_year,35,-13.296994514738401,5.57399305781156e-28,Yes,Lower
PM2.5 Difference Hartford to West Hartford (BiCi Co Park and Ledyard),week_of_year,36,13.274019254027008,6.470993334098625e-28,Yes,Higher
PM2.5 Difference Hartford to West Hartford (BiCi Co Park and Ledyard),week_of_year,37,-11.063759418468162,1.0819178015504135e-21,Yes,Lower
PM2.5 Difference Hartford to West Hartford (BiCi Co Park and Ledyard),week_of_year,38,-11.789816251658214,1.1609597160405479e-23,Yes,Lower
PM2.5 Difference Hartford to West Hartford (BiCi Co Park and Ledyard),week_of_year,39,11.766090898998698,1.1591013875737205e-23,Yes,Higher
PM2.5 Difference Hartford to West Hartford (BiCi Co Park and Ledyard),week_of_year,40,4.2675609463967605,3.303717037975949e-05,Yes,Higher
PM2.5 Difference Hartford to West Hartford (BiCi Co Park and Ledyard),week_of_year,41,-1.1037496876473736,0.2713088294837467,No,Lower
PM2.5 Difference Hartford to West Hartford (BiCi Co Park and Ledyard),week_of_year,42,-11.868958274090897,5.95117896475299e-24,Yes,Lower
PM2.5 Difference Hartford to West Hartford (BiCi Co Park and Ledyard),week_of_year,43,-0.37124886381359223,0.7109227364184163,No,Lower
PM2.5 Difference Hartford to West Hartford (BiCi Co Park and Ledyard),week_of_year,44,1.5002638065918934,0.13542305141420174,No,Higher
PM2.5 Difference Hartford to West Hartford (BiCi Co Park and Ledyard),week_of_year,45,-0.9973510794182638,0.3200370498767888,No,Lower
PM2.5 Difference Hartford to West Hartford (BiCi Co Park and Ledyard),week_of_year,46,3.7109984145855908,0.00028087859246618,Yes,Higher
PM2.5 Difference Hartford to West Hartford (BiCi Co Park and Ledyard),week_of_year,47,-9.55176256949244,1.6020368480803605e-17,Yes,Lower
PM2.5 Difference Hartford to West Hartford (BiCi Co Park and Ledyard),week_of_year,48,5.067376620251475,1.0604446123196885e-06,Yes,Higher
PM2.5 Difference Hartford to West Hartford (BiCi Co Park and Ledyard),week_of_year,49,4.860382707119548,2.6846426890711155e-06,Yes,Higher
PM2.5 Difference Hartford to West Hartford (BiCi Co Park and Ledyard),week_of_year,50,0.5467937734244508,0.585250290133249,No,Higher
PM2.5 Difference Hartford to West Hartford (BiCi Co Park and Ledyard),week_of_year,51,2.882429402945817,0.004465305516404594,Yes,Higher
PM2.5 Difference Hartford to West Hartford (BiCi Co Park and Ledyard),week_of_year,52,4.107840050541614,6.242732085181341e-05,Yes,Higher
PM2.5 Difference Hartford to West Hartford (BiCi Co Park and Ledyard),is_holiday,0.0,-0.402650610199056,0.6872159325400785,No,Lower
PM2.5 Difference Hartford to West Hartford (BiCi Co Park and Ledyard),is_holiday,1.0,1.1236009017345878,0.2622069344065697,No,Higher
PM2.5 Difference Hartford to West Hartford (BiCi Co and Kingswood Oxford School),weekday,0.0,-1.0274285771404192,0.3044243804749148,No,Lower
PM2.5 Difference Hartford to West Hartford (BiCi Co and Kingswood Oxford School),weekday,1.0,-0.15933206181063875,0.873434208560848,No,Lower
PM2.5 Difference Hartford to West Hartford (BiCi Co and Kingswood Oxford School),weekday,2.0,1.869234621004833,0.061833800364635844,No,Higher
PM2.5 Difference Hartford to West Hartford (BiCi Co and Kingswood Oxford School),weekday,3.0,4.558188554720246,5.701240214108806e-06,Yes,Higher
PM2.5 Difference Hartford to West Hartford (BiCi Co and Kingswood Oxford School),weekday,4.0,0.9163005602353549,0.35970005220433443,No,Higher
PM2.5 Difference Hartford to West Hartford (BiCi Co and Kingswood Oxford School),weekday,5.0,-0.9484561544039327,0.3430916455728519,No,Lower
PM2.5 Difference Hartford to West Hartford (BiCi Co and Kingswood Oxford School),weekday,6.0,-6.01096136357681,2.454825965275608e-09,Yes,Lower
PM2.5 Difference Hartford to West Hartford (BiCi Co and Kingswood Oxford School),weekday_name,Monday,-1.0274285771404192,0.3044243804749148,No,Lower
PM2.5 Difference Hartford to West Hartford (BiCi Co and Kingswood Oxford School),weekday_name,Tuesday,-0.15933206181063875,0.873434208560848,No,Lower
PM2.5 Difference Hartford to West Hartford (BiCi Co and Kingswood Oxford School),weekday_name,Wednesday,1.869234621004833,0.061833800364635844,No,Higher
PM2.5 Difference Hartford to West Hartford (BiCi Co and Kingswood Oxford School),weekday_name,Thursday,4.558188554720246,5.701240214108806e-06,Yes,Higher
PM2.5 Difference Hartford to West Hartford (BiCi Co and Kingswood Oxford School),weekday_name,Friday,0.9163005602353549,0.35970005220433443,No,Higher
PM2.5 Difference Hartford to West Hartford (BiCi Co and Kingswood Oxford School),weekday_name,Saturday,-0.9484561544039327,0.3430916455728519,No,Lower
PM2.5 Difference Hartford to West Hartford (BiCi Co and Kingswood Oxford School),weekday_name,Sunday,-6.01096136357681,2.454825965275608e-09,Yes,Lower
PM2.5 Difference Hartford to West Hartford (BiCi Co and Kingswood Oxford School),month,1.0,-6.405175284036822,2.6878903400370914e-10,Yes,Lower
PM2.5 Difference Hartford to West Hartford (BiCi Co and Kingswood Oxford School),month,2.0,-6.16186730861457,1.26408960539994e-09,Yes,Lower
PM2.5 Difference Hartford to West Hartford (BiCi Co and Kingswood Oxford School),month,3.0,-7.9885638631628595,5.209606425858321e-15,Yes,Lower
PM2.5 Difference Hartford to West Hartford (BiCi Co and Kingswood Oxford School),month,4.0,-2.845199198078827,0.004545936465586746,Yes,Lower
PM2.5 Difference Hartford to West Hartford (BiCi Co and Kingswood Oxford School),month,5.0,0.18621136724783227,0.8523298373522911,No,Higher
PM2.5 Difference Hartford to West Hartford (BiCi Co and Kingswood Oxford School),month,6.0,6.195574507332415,2.82345212409644e-09,Yes,Higher
PM2.5 Difference Hartford to West Hartford (BiCi Co and Kingswood Oxford School),month,7.0,5.735821546948601,1.4101227463668196e-08,Yes,Higher
PM2.5 Difference Hartford to West Hartford (BiCi Co and Kingswood Oxford School),month,8.0,4.4213997626536,1.1286873819870432e-05,Yes,Higher
PM2.5 Difference Hartford to West Hartford (BiCi Co and Kingswood Oxford School),month,9.0,4.4770792917895506,8.80295893124858e-06,Yes,Higher
PM2.5 Difference Hartford to West Hartford (BiCi Co and Kingswood Oxford School),month,10.0,4.055592450484141,5.5652553931324084e-05,Yes,Higher
PM2.5 Difference Hartford to West Hartford (BiCi Co and Kingswood Oxford School),month,11.0,-6.272903523602592,6.112378269430427e-10,Yes,Lower
PM2.5 Difference Hartford to West Hartford (BiCi Co and Kingswood Oxford School),month,12.0,-4.202147534607586,2.9655688060872313e-05,Yes,Lower
PM2.5 Difference Hartford to West Hartford (BiCi Co and Kingswood Oxford School),month_name,January,-6.405175284036822,2.6878903400370914e-10,Yes,Lower
PM2.5 Difference Hartford to West Hartford (BiCi Co and Kingswood Oxford School),month_name,February,-6.16186730861457,1.26408960539994e-09,Yes,Lower
PM2.5 Difference Hartford to West Hartford (BiCi Co and Kingswood Oxford School),month_name,March,-7.9885638631628595,5.209606425858321e-15,Yes,Lower
PM2.5 Difference Hartford to West Hartford (BiCi Co and Kingswood Oxford School),month_name,April,-2.845199198078827,0.004545936465586746,Yes,Lower
PM2.5 Difference Hartford to West Hartford (BiCi Co and Kingswood Oxford School),month_name,May,0.18621136724783227,0.8523298373522911,No,Higher
PM2.5 Difference Hartford to West Hartford (BiCi Co and Kingswood Oxford School),month_name,June,6.195574507332415,2.82345212409644e-09,Yes,Higher
PM2.5 Difference Hartford to West Hartford (BiCi Co and Kingswood Oxford School),month_name,July,5.735821546948601,1.4101227463668196e-08,Yes,Higher
PM2.5 Difference Hartford to West Hartford (BiCi Co and Kingswood Oxford School),month_name,August,4.4213997626536,1.1286873819870432e-05,Yes,Higher
PM2.5 Difference Hartford to West Hartford (BiCi Co and Kingswood Oxford School),month_name,September,4.4770792917895506,8.80295893124858e-06,Yes,Higher
PM2.5 Difference Hartford to West Hartford (BiCi Co and Kingswood Oxford School),month_name,October,4.055592450484141,5.5652553931324084e-05,Yes,Higher
PM2.5 Difference Hartford to West Hartford (BiCi Co and Kingswood Oxford School),month_name,November,-6.272903523602592,6.112378269430427e-10,Yes,Lower
PM2.5 Difference Hartford to West Hartford (BiCi Co and Kingswood Oxford School),month_name,December,-4.202147534607586,2.9655688060872313e-05,Yes,Lower
PM2.5 Difference Hartford to West Hartford (BiCi Co and Kingswood Oxford School),time_of_day,morning,3.843453991451371,0.00012497642620327043,Yes,Higher
PM2.5 Difference Hartford to West Hartford (BiCi Co and Kingswood Oxford School),time_of_day,midday,14.468797139605556,1.442031956710332e-45,Yes,Higher
PM2.5 Difference Hartford to West Hartford (BiCi Co and Kingswood Oxford School),time_of_day,evening,-6.014602257769087,2.1946509942341144e-09,Yes,Lower
PM2.5 Difference Hartford to West Hartford (BiCi Co and Kingswood Oxford School),time_of_day,night,-3.737691095712083,0.00019075110530413153,Yes,Lower
PM2.5 Difference Hartford to West Hartford (BiCi Co and Kingswood Oxford School),rush_hour,0.0,-1.2828813761048754,0.1995743397987327,No,Lower
PM2.5 Difference Hartford to West Hartford (BiCi Co and Kingswood Oxford School),rush_hour,1.0,5.925159720687334,4.304869562406729e-09,Yes,Higher
PM2.5 Difference Hartford to West Hartford (BiCi Co and Kingswood Oxford School),season,Fall,-0.539528192269895,0.5895787109124677,No,Lower
PM2.5 Difference Hartford to West Hartford (BiCi Co and Kingswood Oxford School),season,Spring,-5.593576273774721,2.484757301212109e-08,Yes,Lower
PM2.5 Difference Hartford to West Hartford (BiCi Co and Kingswood Oxford School),season,Summer,7.392368693935372,2.2505516787487468e-13,Yes,Higher
PM2.5 Difference Hartford to West Hartford (BiCi Co and Kingswood Oxford School),season,Winter,-9.166304181211814,1.1218426417240877e-19,Yes,Lower
PM2.5 Difference Hartford to West Hartford (BiCi Co and Kingswood Oxford School),hour,0.0,-0.7640645210356414,0.44535102742765464,No,Lower
PM2.5 Difference Hartford to West Hartford (BiCi Co and Kingswood Oxford School),hour,1.0,0.41948080948707656,0.6751251031549941,No,Higher
PM2.5 Difference Hartford to West Hartford (BiCi Co and Kingswood Oxford School),hour,2.0,-2.3303502316432345,0.02036709061357048,Yes,Lower
PM2.5 Difference Hartford to West Hartford (BiCi Co and Kingswood Oxford School),hour,3.0,-2.061126996065853,0.04004208824952526,Yes,Lower
PM2.5 Difference Hartford to West Hartford (BiCi Co and Kingswood Oxford School),hour,4.0,-0.3775278246050137,0.7060142050638354,No,Lower
PM2.5 Difference Hartford to West Hartford (BiCi Co and Kingswood Oxford School),hour,5.0,0.39246101099448255,0.6949613792075915,No,Higher
PM2.5 Difference Hartford to West Hartford (BiCi Co and Kingswood Oxford School),hour,6.0,1.7259623314469554,0.08525736442139209,No,Higher
PM2.5 Difference Hartford to West Hartford (BiCi Co and Kingswood Oxford School),hour,7.0,1.777095765005907,0.07643860853470968,No,Higher
PM2.5 Difference Hartford to West Hartford (BiCi Co and Kingswood Oxford School),hour,8.0,2.486476311675043,0.013372579522764714,Yes,Higher
PM2.5 Difference Hartford to West Hartford (BiCi Co and Kingswood Oxford School),hour,9.0,3.0683073738693496,0.0023231217820419417,Yes,Higher
PM2.5 Difference Hartford to West Hartford (BiCi Co and Kingswood Oxford School),hour,10.0,5.6862820131146075,2.7637625285914372e-08,Yes,Higher
PM2.5 Difference Hartford to West Hartford (BiCi Co and Kingswood Oxford School),hour,11.0,5.940676522144353,6.9192405946682944e-09,Yes,Higher
PM2.5 Difference Hartford to West Hartford (BiCi Co and Kingswood Oxford School),hour,12.0,5.824094393235522,1.3157630047146948e-08,Yes,Higher
PM2.5 Difference Hartford to West Hartford (BiCi Co and Kingswood Oxford School),hour,13.0,5.481008874861234,8.193194474346115e-08,Yes,Higher
PM2.5 Difference Hartford to West Hartford (BiCi Co and Kingswood Oxford School),hour,14.0,5.86273104827648,1.067824007884969e-08,Yes,Higher
PM2.5 Difference Hartford to West Hartford (BiCi Co and Kingswood Oxford School),hour,15.0,5.318525461969002,1.8910410440367947e-07,Yes,Higher
PM2.5 Difference Hartford to West Hartford (BiCi Co and Kingswood Oxford School),hour,16.0,4.257065290400386,2.6730972846713493e-05,Yes,Higher
PM2.5 Difference Hartford to West Hartford (BiCi Co and Kingswood Oxford School),hour,17.0,0.9987070307752325,0.31863861664508286,No,Higher
PM2.5 Difference Hartford to West Hartford (BiCi Co and Kingswood Oxford School),hour,18.0,-2.8748529649742087,0.004290803903165983,Yes,Lower
PM2.5 Difference Hartford to West Hartford (BiCi Co and Kingswood Oxford School),hour,19.0,-4.812448375381804,2.2282658121006563e-06,Yes,Lower
PM2.5 Difference Hartford to West Hartford (BiCi Co and Kingswood Oxford School),hour,20.0,-4.614759510453999,5.557644882872528e-06,Yes,Lower
PM2.5 Difference Hartford to West Hartford (BiCi Co and Kingswood Oxford School),hour,21.0,-2.328256451789532,0.020475962399325844,Yes,Lower
PM2.5 Difference Hartford to West Hartford (BiCi Co and Kingswood Oxford School),hour,22.0,-4.4060375577537965,1.4082963175625032e-05,Yes,Lower
PM2.5 Difference Hartford to West Hartford (BiCi Co and Kingswood Oxford School),hour,23.0,-5.39954023031934,1.2482422972408258e-07,Yes,Lower
PM2.5 Difference Hartford to West Hartford (BiCi Co and Kingswood Oxford School),day_of_month,1.0,1.6239435081166687,0.10552522974613107,No,Higher
PM2.5 Difference Hartford to West Hartford (BiCi Co and Kingswood Oxford School),day_of_month,2.0,-0.5818455069416165,0.5611691432726063,No,Lower
PM2.5 Difference Hartford to West Hartford (BiCi Co and Kingswood Oxford School),day_of_month,3.0,-1.2126614255107424,0.22634743960706463,No,Lower
PM2.5 Difference Hartford to West Hartford (BiCi Co and Kingswood Oxford School),day_of_month,4.0,2.2050978878122716,0.028312842023128035,Yes,Higher
PM2.5 Difference Hartford to West Hartford (BiCi Co and Kingswood Oxford School),day_of_month,5.0,1.6688510932306273,0.09633233237294168,No,Higher
PM2.5 Difference Hartford to West Hartford (BiCi Co and Kingswood Oxford School),day_of_month,6.0,-1.3336177200283004,0.18348300325192965,No,Lower
PM2.5 Difference Hartford to West Hartford (BiCi Co and Kingswood Oxford School),day_of_month,7.0,-2.036490793919768,0.04270661728521029,Yes,Lower
PM2.5 Difference Hartford to West Hartford (BiCi Co and Kingswood Oxford School),day_of_month,8.0,1.7820273906482098,0.07596824374083239,No,Higher
PM2.5 Difference Hartford to West Hartford (BiCi Co and Kingswood Oxford School),day_of_month,9.0,-2.2285511145449908,0.026733455915678023,Yes,Lower
PM2.5 Difference Hartford to West Hartford (BiCi Co and Kingswood Oxford School),day_of_month,10.0,-2.7843390694385883,0.005760946035568344,Yes,Lower
PM2.5 Difference Hartford to West Hartford (BiCi Co and Kingswood Oxford School),day_of_month,11.0,-2.44363569043029,0.01519789059756055,Yes,Lower
PM2.5 Difference Hartford to West Hartford (BiCi Co and Kingswood Oxford School),day_of_month,12.0,1.593996761453508,0.11213779046130538,No,Higher
PM2.5 Difference Hartford to West Hartford (BiCi Co and Kingswood Oxford School),day_of_month,13.0,1.148138632559283,0.2519666007554865,No,Higher
PM2.5 Difference Hartford to West Hartford (BiCi Co and Kingswood Oxford School),day_of_month,14.0,-1.7847301840533372,0.07548455469392626,No,Lower
PM2.5 Difference Hartford to West Hartford (BiCi Co and Kingswood Oxford School),day_of_month,15.0,2.0658936318882737,0.039821656126959454,Yes,Higher
PM2.5 Difference Hartford to West Hartford (BiCi Co and Kingswood Oxford School),day_of_month,16.0,-0.9683461939741667,0.3337162254848486,No,Lower
PM2.5 Difference Hartford to West Hartford (BiCi Co and Kingswood Oxford School),day_of_month,17.0,0.9673558664819722,0.334180621816066,No,Higher
PM2.5 Difference Hartford to West Hartford (BiCi Co and Kingswood Oxford School),day_of_month,18.0,-4.102304688205173,5.333710648581901e-05,Yes,Lower
PM2.5 Difference Hartford to West Hartford (BiCi Co and Kingswood Oxford School),day_of_month,19.0,-1.530315803686862,0.12705558026747316,No,Lower
PM2.5 Difference Hartford to West Hartford (BiCi Co and Kingswood Oxford School),day_of_month,20.0,-2.4154411354480163,0.016406335366773668,Yes,Lower
PM2.5 Difference Hartford to West Hartford (BiCi Co and Kingswood Oxford School),day_of_month,21.0,-2.602987631081925,0.009766165271718974,Yes,Lower
PM2.5 Difference Hartford to West Hartford (BiCi Co and Kingswood Oxford School),day_of_month,22.0,-1.872873917503174,0.06228154292201958,No,Lower
PM2.5 Difference Hartford to West Hartford (BiCi Co and Kingswood Oxford School),day_of_month,23.0,0.02271234156078578,0.9818986820348796,No,Higher
PM2.5 Difference Hartford to West Hartford (BiCi Co and Kingswood Oxford School),day_of_month,24.0,-0.8599152317826627,0.39061011188520545,No,Lower
PM2.5 Difference Hartford to West Hartford (BiCi Co and Kingswood Oxford School),day_of_month,25.0,-2.2842058211514713,0.023089633043948028,Yes,Lower
PM2.5 Difference Hartford to West Hartford (BiCi Co and Kingswood Oxford School),day_of_month,26.0,0.5511926463201872,0.5819025407889575,No,Higher
PM2.5 Difference Hartford to West Hartford (BiCi Co and Kingswood Oxford School),day_of_month,27.0,4.608750531130913,5.920172593519293e-06,Yes,Higher
PM2.5 Difference Hartford to West Hartford (BiCi Co and Kingswood Oxford School),day_of_month,28.0,4.15465257342297,4.221240486577608e-05,Yes,Higher
PM2.5 Difference Hartford to West Hartford (BiCi Co and Kingswood Oxford School),day_of_month,29.0,-0.13213703953858252,0.8949641832053312,No,Lower
PM2.5 Difference Hartford to West Hartford (BiCi Co and Kingswood Oxford School),day_of_month,30.0,1.1545092406853408,0.24935147986568085,No,Higher
PM2.5 Difference Hartford to West Hartford (BiCi Co and Kingswood Oxford School),day_of_month,31.0,-6.133206186033756,6.029697488130718e-09,Yes,Lower
PM2.5 Difference Hartford to West Hartford (BiCi Co and Kingswood Oxford School),week_of_year,1,-8.301181920379674,3.3396916056381525e-14,Yes,Lower
PM2.5 Difference Hartford to West Hartford (BiCi Co and Kingswood Oxford School),week_of_year,2,-3.6952945392250878,0.0002974119538569996,Yes,Lower
PM2.5 Difference Hartford to West Hartford (BiCi Co and Kingswood Oxford School),week_of_year,3,-3.0433365544229125,0.0027491472465311045,Yes,Lower
PM2.5 Difference Hartford to West Hartford (BiCi Co and Kingswood Oxford School),week_of_year,4,2.362435012274432,0.019306925641500567,Yes,Higher
PM2.5 Difference Hartford to West Hartford (BiCi Co and Kingswood Oxford School),week_of_year,5,-5.2278070324767185,5.071496482295113e-07,Yes,Lower
PM2.5 Difference Hartford to West Hartford (BiCi Co and Kingswood Oxford School),week_of_year,6,-2.4168950287973496,0.016730495395029788,Yes,Lower
PM2.5 Difference Hartford to West Hartford (BiCi Co and Kingswood Oxford School),week_of_year,7,-6.811664520050326,1.6663538723461152e-10,Yes,Lower
PM2.5 Difference Hartford to West Hartford (BiCi Co and Kingswood Oxford School),week_of_year,8,-3.844368911267788,0.00019557453888950245,Yes,Lower
PM2.5 Difference Hartford to West Hartford (BiCi Co and Kingswood Oxford School),week_of_year,9,0.7635575534867428,0.44620831494749935,No,Higher
PM2.5 Difference Hartford to West Hartford (BiCi Co and Kingswood Oxford School),week_of_year,10,-4.584626123383817,8.91055749441277e-06,Yes,Lower
PM2.5 Difference Hartford to West Hartford (BiCi Co and Kingswood Oxford School),week_of_year,11,0.37887957488000973,0.705258553683352,No,Higher
PM2.5 Difference Hartford to West Hartford (BiCi Co and Kingswood Oxford School),week_of_year,12,-19.759200620188697,1.4333599002337748e-45,Yes,Lower
PM2.5 Difference Hartford to West Hartford (BiCi Co and Kingswood Oxford School),week_of_year,13,-4.021624135879661,8.737371586474211e-05,Yes,Lower
PM2.5 Difference Hartford to West Hartford (BiCi Co and Kingswood Oxford School),week_of_year,14,-6.089473030224943,7.543058107690616e-09,Yes,Lower
PM2.5 Difference Hartford to West Hartford (BiCi Co and Kingswood Oxford School),week_of_year,15,1.3407549725981946,0.1818209210564672,No,Higher
PM2.5 Difference Hartford to West Hartford (BiCi Co and Kingswood Oxford School),week_of_year,16,-2.405858818071766,0.017226537072179946,Yes,Lower
PM2.5 Difference Hartford to West Hartford (BiCi Co and Kingswood Oxford School),week_of_year,17,-0.11530909504500068,0.9082726783583441,No,Lower
PM2.5 Difference Hartford to West Hartford (BiCi Co and Kingswood Oxford School),week_of_year,18,0.25211642657654226,0.801227954903395,No,Higher
PM2.5 Difference Hartford to West Hartford (BiCi Co and Kingswood Oxford School),week_of_year,19,2.6923545584501856,0.007817883015799202,Yes,Higher
PM2.5 Difference Hartford to West Hartford (BiCi Co and Kingswood Oxford School),week_of_year,20,-2.2217854705412887,0.027641756176048873,Yes,Lower
PM2.5 Difference Hartford to West Hartford (BiCi Co and Kingswood Oxford School),week_of_year,21,1.0097123986614855,0.31409382422727034,No,Higher
PM2.5 Difference Hartford to West Hartford (BiCi Co and Kingswood Oxford School),week_of_year,22,-0.2271532194277129,0.8208500496353334,No,Lower
PM2.5 Difference Hartford to West Hartford (BiCi Co and Kingswood Oxford School),week_of_year,23,,,No,Lower
PM2.5 Difference Hartford to West Hartford (BiCi Co and Kingswood Oxford School),week_of_year,24,0.6570705563078132,0.5136071153698945,No,Higher
PM2.5 Difference Hartford to West Hartford (BiCi Co and Kingswood Oxford School),week_of_year,25,-3.302532414565737,0.002623413503827055,Yes,Lower
PM2.5 Difference Hartford to West Hartford (BiCi Co and Kingswood Oxford School),week_of_year,26,5.469582145750143,1.6684046404700783e-07,Yes,Higher
PM2.5 Difference Hartford to West Hartford (BiCi Co and Kingswood Oxford School),week_of_year,27,2.2658400844939814,0.02472255912784244,Yes,Higher
PM2.5 Difference Hartford to West Hartford (BiCi Co and Kingswood Oxford School),week_of_year,28,4.8837473058606875,2.4206035798353775e-06,Yes,Higher
PM2.5 Difference Hartford to West Hartford (BiCi Co and Kingswood Oxford School),week_of_year,29,7.478522372945509,4.053827646906792e-12,Yes,Higher
PM2.5 Difference Hartford to West Hartford (BiCi Co and Kingswood Oxford School),week_of_year,30,9.16875527169144,1.7261373382552626e-16,Yes,Higher
PM2.5 Difference Hartford to West Hartford (BiCi Co and Kingswood Oxford School),week_of_year,31,3.363600294151414,0.0009541477190455705,Yes,Higher
PM2.5 Difference Hartford to West Hartford (BiCi Co and Kingswood Oxford School),week_of_year,32,4.1755223733570395,4.7773626204391893e-05,Yes,Higher
PM2.5 Difference Hartford to West Hartford (BiCi Co and Kingswood Oxford School),week_of_year,33,0.36279976146629056,0.7172132319618305,No,Higher
PM2.5 Difference Hartford to West Hartford (BiCi Co and Kingswood Oxford School),week_of_year,34,2.919324396340569,0.003992168929891264,Yes,Higher
PM2.5 Difference Hartford to West Hartford (BiCi Co and Kingswood Oxford School),week_of_year,35,-1.5849702699059574,0.11495997396811569,No,Lower
PM2.5 Difference Hartford to West Hartford (BiCi Co and Kingswood Oxford School),week_of_year,36,8.408511175224632,1.759050147990556e-14,Yes,Higher
PM2.5 Difference Hartford to West Hartford (BiCi Co and Kingswood Oxford School),week_of_year,37,-1.33301436660496,0.18434276081821735,No,Lower
PM2.5 Difference Hartford to West Hartford (BiCi Co and Kingswood Oxford School),week_of_year,38,-1.6476447708910869,0.10130583058333409,No,Lower
PM2.5 Difference Hartford to West Hartford (BiCi Co and Kingswood Oxford School),week_of_year,39,-0.9521697778854435,0.34241209794680205,No,Lower
PM2.5 Difference Hartford to West Hartford (BiCi Co and Kingswood Oxford School),week_of_year,40,5.331667853523004,3.565698489525962e-07,Yes,Higher
PM2.5 Difference Hartford to West Hartford (BiCi Co and Kingswood Oxford School),week_of_year,41,2.213759807733227,0.028463299193919628,Yes,Higher
PM2.5 Difference Hartford to West Hartford (BiCi Co and Kingswood Oxford School),week_of_year,42,-3.2313205129748765,0.0014843933706684249,Yes,Lower
PM2.5 Difference Hartford to West Hartford (BiCi Co and Kingswood Oxford School),week_of_year,43,3.787337438754178,0.00021215989665098852,Yes,Higher
PM2.5 Difference Hartford to West Hartford (BiCi Co and Kingswood Oxford School),week_of_year,44,-1.5591653196204298,0.12083905691631781,No,Lower
PM2.5 Difference Hartford to West Hartford (BiCi Co and Kingswood Oxford School),week_of_year,45,-5.33264687617899,3.106372788450467e-07,Yes,Lower
PM2.5 Difference Hartford to West Hartford (BiCi Co and Kingswood Oxford School),week_of_year,46,1.6615802290118997,0.09847304715243697,No,Higher
PM2.5 Difference Hartford to West Hartford (BiCi Co and Kingswood Oxford School),week_of_year,47,-6.284054264513606,2.7653314703359e-09,Yes,Lower
PM2.5 Difference Hartford to West Hartford (BiCi Co and Kingswood Oxford School),week_of_year,48,-3.4689566679366464,0.000664742194820178,Yes,Lower
PM2.5 Difference Hartford to West Hartford (BiCi Co and Kingswood Oxford School),week_of_year,49,-2.4864462241251157,0.013885586485676978,Yes,Lower
PM2.5 Difference Hartford to West Hartford (BiCi Co and Kingswood Oxford School),week_of_year,50,-2.343309674930397,0.0202914186559021,Yes,Lower
PM2.5 Difference Hartford to West Hartford (BiCi Co and Kingswood Oxford School),week_of_year,51,-0.9127696428148825,0.36267952893448674,No,Lower
PM2.5 Difference Hartford to West Hartford (BiCi Co and Kingswood Oxford School),week_of_year,52,-1.8742415452598922,0.06264368505501518,No,Lower
PM2.5 Difference Hartford to West Hartford (BiCi Co and Kingswood Oxford School),is_holiday,0.0,-0.09809988183813342,0.9218554258737179,No,Lower
PM2.5 Difference Hartford to West Hartford (BiCi Co and Kingswood Oxford School),is_holiday,1.0,0.2476126776026685,0.8046373430593489,No,Higher
PM2.5 Difference Hartford to West Hartford (Hartford City Mission and Ledyard),weekday,0.0,-2.880172350453959,0.004038084407464847,Yes,Lower
PM2.5 Difference Hartford to West Hartford (Hartford City Mission and Ledyard),weekday,1.0,-2.8570098367759806,0.004343992636407343,Yes,Lower
PM2.5 Difference Hartford to West Hartford (Hartford City Mission and Ledyard),weekday,2.0,0.07417120706569107,0.9408852929058753,No,Higher
PM2.5 Difference Hartford to West Hartford (Hartford City Mission and Ledyard),weekday,3.0,2.31136995107226,0.020964675719849075,Yes,Higher
PM2.5 Difference Hartford to West Hartford (Hartford City Mission and Ledyard),weekday,4.0,2.5717245598265537,0.01022641269169643,Yes,Higher
PM2.5 Difference Hartford to West Hartford (Hartford City Mission and Ledyard),weekday,5.0,2.7031728981290164,0.006954917568118985,Yes,Higher
PM2.5 Difference Hartford to West Hartford (Hartford City Mission and Ledyard),weekday,6.0,-2.2597219254859726,0.023996770442838863,Yes,Lower
PM2.5 Difference Hartford to West Hartford (Hartford City Mission and Ledyard),weekday_name,Monday,-2.880172350453959,0.004038084407464847,Yes,Lower
PM2.5 Difference Hartford to West Hartford (Hartford City Mission and Ledyard),weekday_name,Tuesday,-2.8570098367759806,0.004343992636407343,Yes,Lower
PM2.5 Difference Hartford to West Hartford (Hartford City Mission and Ledyard),weekday_name,Wednesday,0.07417120706569107,0.9408852929058753,No,Higher
PM2.5 Difference Hartford to West Hartford (Hartford City Mission and Ledyard),weekday_name,Thursday,2.31136995107226,0.020964675719849075,Yes,Higher
PM2.5 Difference Hartford to West Hartford (Hartford City Mission and Ledyard),weekday_name,Friday,2.5717245598265537,0.01022641269169643,Yes,Higher
PM2.5 Difference Hartford to West Hartford (Hartford City Mission and Ledyard),weekday_name,Saturday,2.7031728981290164,0.006954917568118985,Yes,Higher
PM2.5 Difference Hartford to West Hartford (Hartford City Mission and Ledyard),weekday_name,Sunday,-2.2597219254859726,0.023996770442838863,Yes,Lower
PM2.5 Difference Hartford to West Hartford (Hartford City Mission and Ledyard),month,1.0,2.898407222689096,0.003807345899773784,Yes,Higher
PM2.5 Difference Hartford to West Hartford (Hartford City Mission and Ledyard),month,2.0,3.126089828152793,0.0018228044428582597,Yes,Higher
PM2.5 Difference Hartford to West Hartford (Hartford City Mission and Ledyard),month,3.0,-20.123842481455377,1.0033724924011918e-78,Yes,Lower
PM2.5 Difference Hartford to West Hartford (Hartford City Mission and Ledyard),month,4.0,-20.7295601736769,2.8950850183236595e-74,Yes,Lower
PM2.5 Difference Hartford to West Hartford (Hartford City Mission and Ledyard),month,5.0,,,No,Lower
PM2.5 Difference Hartford to West Hartford (Hartford City Mission and Ledyard),month,6.0,-0.8101835204132674,0.41871821912523477,No,Lower
PM2.5 Difference Hartford to West Hartford (Hartford City Mission and Ledyard),month,7.0,6.8761104323143165,1.3180295056604361e-11,Yes,Higher
PM2.5 Difference Hartford to West Hartford (Hartford City Mission and Ledyard),month,8.0,-12.885955043190771,2.238155839166881e-34,Yes,Lower
PM2.5 Difference Hartford to West Hartford (Hartford City Mission and Ledyard),month,9.0,2.1996922289506586,0.028150739036159948,Yes,Higher
PM2.5 Difference Hartford to West Hartford (Hartford City Mission and Ledyard),month,10.0,-5.75552179313386,1.2878792034326084e-08,Yes,Lower
PM2.5 Difference Hartford to West Hartford (Hartford City Mission and Ledyard),month,11.0,0.5814722335585251,0.5611135131963583,No,Higher
PM2.5 Difference Hartford to West Hartford (Hartford City Mission and Ledyard),month,12.0,10.431247378549624,2.193083731948467e-24,Yes,Higher
PM2.5 Difference Hartford to West Hartford (Hartford City Mission and Ledyard),month_name,January,2.898407222689096,0.003807345899773784,Yes,Higher
PM2.5 Difference Hartford to West Hartford (Hartford City Mission and Ledyard),month_name,February,3.126089828152793,0.0018228044428582597,Yes,Higher
PM2.5 Difference Hartford to West Hartford (Hartford City Mission and Ledyard),month_name,March,-20.123842481455377,1.0033724924011918e-78,Yes,Lower
PM2.5 Difference Hartford to West Hartford (Hartford City Mission and Ledyard),month_name,April,-20.7295601736769,2.8950850183236595e-74,Yes,Lower
PM2.5 Difference Hartford to West Hartford (Hartford City Mission and Ledyard),month_name,May,,,No,Lower
PM2.5 Difference Hartford to West Hartford (Hartford City Mission and Ledyard),month_name,June,-0.8101835204132674,0.41871821912523477,No,Lower
PM2.5 Difference Hartford to West Hartford (Hartford City Mission and Ledyard),month_name,July,6.8761104323143165,1.3180295056604361e-11,Yes,Higher
PM2.5 Difference Hartford to West Hartford (Hartford City Mission and Ledyard),month_name,August,-12.885955043190771,2.238155839166881e-34,Yes,Lower
PM2.5 Difference Hartford to West Hartford (Hartford City Mission and Ledyard),month_name,September,2.1996922289506586,0.028150739036159948,Yes,Higher
PM2.5 Difference Hartford to West Hartford (Hartford City Mission and Ledyard),month_name,October,-5.75552179313386,1.2878792034326084e-08,Yes,Lower
PM2.5 Difference Hartford to West Hartford (Hartford City Mission and Ledyard),month_name,November,0.5814722335585251,0.5611135131963583,No,Higher
PM2.5 Difference Hartford to West Hartford (Hartford City Mission and Ledyard),month_name,December,10.431247378549624,2.193083731948467e-24,Yes,Higher
PM2.5 Difference Hartford to West Hartford (Hartford City Mission and Ledyard),time_of_day,morning,8.567424349975731,1.8885542957199275e-17,Yes,Higher
PM2.5 Difference Hartford to West Hartford (Hartford City Mission and Ledyard),time_of_day,midday,-10.119268014277571,1.1656611617781428e-23,Yes,Lower
PM2.5 Difference Hartford to West Hartford (Hartford City Mission and Ledyard),time_of_day,evening,-4.895551823738093,1.061503348444418e-06,Yes,Lower
PM2.5 Difference Hartford to West Hartford (Hartford City Mission and Ledyard),time_of_day,night,5.873931914769337,4.872363060176745e-09,Yes,Higher
PM2.5 Difference Hartford to West Hartford (Hartford City Mission and Ledyard),rush_hour,0.0,-0.07177918404061938,0.9427793829666011,No,Lower
PM2.5 Difference Hartford to West Hartford (Hartford City Mission and Ledyard),rush_hour,1.0,0.21437085092782554,0.8302969978582091,No,Higher
PM2.5 Difference Hartford to West Hartford (Hartford City Mission and Ledyard),season,Fall,-1.3071193888512924,0.1913151349859615,No,Lower
PM2.5 Difference Hartford to West Hartford (Hartford City Mission and Ledyard),season,Spring,-27.927631342172877,4.123353217494781e-145,Yes,Lower
PM2.5 Difference Hartford to West Hartford (Hartford City Mission and Ledyard),season,Summer,2.234486590474663,0.025581984932168653,Yes,Higher
PM2.5 Difference Hartford to West Hartford (Hartford City Mission and Ledyard),season,Winter,10.15596637238824,6.566780607260583e-24,Yes,Higher
PM2.5 Difference Hartford to West Hartford (Hartford City Mission and Ledyard),hour,0.0,2.461450078536358,0.014277675548644009,Yes,Higher
PM2.5 Difference Hartford to West Hartford (Hartford City Mission and Ledyard),hour,1.0,2.7434825663081126,0.006361156829098577,Yes,Higher
PM2.5 Difference Hartford to West Hartford (Hartford City Mission and Ledyard),hour,2.0,3.2508530463495857,0.0012535659695222933,Yes,Higher
PM2.5 Difference Hartford to West Hartford (Hartford City Mission and Ledyard),hour,3.0,2.9183141717875163,0.0037253118921495333,Yes,Higher
PM2.5 Difference Hartford to West Hartford (Hartford City Mission and Ledyard),hour,4.0,2.982653292614873,0.0030395051913257977,Yes,Higher
PM2.5 Difference Hartford to West Hartford (Hartford City Mission and Ledyard),hour,5.0,3.374461308141204,0.0008139600230440815,Yes,Higher
PM2.5 Difference Hartford to West Hartford (Hartford City Mission and Ledyard),hour,6.0,4.148445990603467,4.1073017963755013e-05,Yes,Higher
PM2.5 Difference Hartford to West Hartford (Hartford City Mission and Ledyard),hour,7.0,4.870860881916803,1.6196126588220814e-06,Yes,Higher
PM2.5 Difference Hartford to West Hartford (Hartford City Mission and Ledyard),hour,8.0,3.821416914174139,0.00015442786942325445,Yes,Higher
PM2.5 Difference Hartford to West Hartford (Hartford City Mission and Ledyard),hour,9.0,1.849492976859434,0.0651411391350413,No,Higher
PM2.5 Difference Hartford to West Hartford (Hartford City Mission and Ledyard),hour,10.0,0.022308142422045502,0.9822135627753161,No,Higher
PM2.5 Difference Hartford to West Hartford (Hartford City Mission and Ledyard),hour,11.0,-2.408032473825021,0.016498533064389993,Yes,Lower
PM2.5 Difference Hartford to West Hartford (Hartford City Mission and Ledyard),hour,12.0,-3.5907277528148906,0.0003715187645177127,Yes,Lower
PM2.5 Difference Hartford to West Hartford (Hartford City Mission and Ledyard),hour,13.0,-3.8521114146813145,0.00013649674048812983,Yes,Lower
PM2.5 Difference Hartford to West Hartford (Hartford City Mission and Ledyard),hour,14.0,-5.768190516601014,1.6165933303624187e-08,Yes,Lower
PM2.5 Difference Hartford to West Hartford (Hartford City Mission and Ledyard),hour,15.0,-6.2557268278958436,1.0273057778809474e-09,Yes,Lower
PM2.5 Difference Hartford to West Hartford (Hartford City Mission and Ledyard),hour,16.0,-6.155329111436828,1.846017203410807e-09,Yes,Lower
PM2.5 Difference Hartford to West Hartford (Hartford City Mission and Ledyard),hour,17.0,-5.88710208524375,8.466346820070442e-09,Yes,Lower
PM2.5 Difference Hartford to West Hartford (Hartford City Mission and Ledyard),hour,18.0,-4.905941202100323,1.3667851526198828e-06,Yes,Lower
PM2.5 Difference Hartford to West Hartford (Hartford City Mission and Ledyard),hour,19.0,-4.654110655624303,4.469360131314648e-06,Yes,Lower
PM2.5 Difference Hartford to West Hartford (Hartford City Mission and Ledyard),hour,20.0,-0.7106042367456624,0.4777608707856149,No,Lower
PM2.5 Difference Hartford to West Hartford (Hartford City Mission and Ledyard),hour,21.0,1.1181661162854786,0.26420617142665026,No,Higher
PM2.5 Difference Hartford to West Hartford (Hartford City Mission and Ledyard),hour,22.0,1.322536362450043,0.18678921491042347,No,Higher
PM2.5 Difference Hartford to West Hartford (Hartford City Mission and Ledyard),hour,23.0,1.5775283514255798,0.11549741064139499,No,Higher
PM2.5 Difference Hartford to West Hartford (Hartford City Mission and Ledyard),day_of_month,1.0,6.554535353216584,2.5839405723809756e-10,Yes,Higher
PM2.5 Difference Hartford to West Hartford (Hartford City Mission and Ledyard),day_of_month,2.0,7.141367267897262,7.618708506236906e-12,Yes,Higher
PM2.5 Difference Hartford to West Hartford (Hartford City Mission and Ledyard),day_of_month,3.0,2.017111440827575,0.0446147444317085,Yes,Higher
PM2.5 Difference Hartford to West Hartford (Hartford City Mission and Ledyard),day_of_month,4.0,0.9508482530117832,0.34250733018671187,No,Higher
PM2.5 Difference Hartford to West Hartford (Hartford City Mission and Ledyard),day_of_month,5.0,0.7704249087710863,0.4416794034134486,No,Higher
PM2.5 Difference Hartford to West Hartford (Hartford City Mission and Ledyard),day_of_month,6.0,5.94658145760709,7.730084719305905e-09,Yes,Higher
PM2.5 Difference Hartford to West Hartford (Hartford City Mission and Ledyard),day_of_month,7.0,-5.108099033998134,5.725787309682663e-07,Yes,Lower
PM2.5 Difference Hartford to West Hartford (Hartford City Mission and Ledyard),day_of_month,8.0,0.04261418133649011,0.9660363489590458,No,Higher
PM2.5 Difference Hartford to West Hartford (Hartford City Mission and Ledyard),day_of_month,9.0,5.293991133958495,2.2883882098268028e-07,Yes,Higher
PM2.5 Difference Hartford to West Hartford (Hartford City Mission and Ledyard),day_of_month,10.0,2.1917192961247647,0.029168253184771745,Yes,Higher
PM2.5 Difference Hartford to West Hartford (Hartford City Mission and Ledyard),day_of_month,11.0,-1.6785648297876956,0.09426109381349645,No,Lower
PM2.5 Difference Hartford to West Hartford (Hartford City Mission and Ledyard),day_of_month,12.0,-0.5572152889208911,0.5777850447962343,No,Lower
PM2.5 Difference Hartford to West Hartford (Hartford City Mission and Ledyard),day_of_month,13.0,-7.811109476917153,9.673394374835234e-14,Yes,Lower
PM2.5 Difference Hartford to West Hartford (Hartford City Mission and Ledyard),day_of_month,14.0,-16.05277028926775,1.1229438567727783e-41,Yes,Lower
PM2.5 Difference Hartford to West Hartford (Hartford City Mission and Ledyard),day_of_month,15.0,-6.719360899790954,9.503799582777481e-11,Yes,Lower
PM2.5 Difference Hartford to West Hartford (Hartford City Mission and Ledyard),day_of_month,16.0,-6.440172527096974,4.856719484621336e-10,Yes,Lower
PM2.5 Difference Hartford to West Hartford (Hartford City Mission and Ledyard),day_of_month,17.0,-0.32918424327281665,0.742239439592271,No,Lower
PM2.5 Difference Hartford to West Hartford (Hartford City Mission and Ledyard),day_of_month,18.0,-7.665163704058271,2.4208522443848295e-13,Yes,Lower
PM2.5 Difference Hartford to West Hartford (Hartford City Mission and Ledyard),day_of_month,19.0,-4.796768404261697,2.5228893187536683e-06,Yes,Lower
PM2.5 Difference Hartford to West Hartford (Hartford City Mission and Ledyard),day_of_month,20.0,-7.6690673091840615,2.1294082652802385e-13,Yes,Lower
PM2.5 Difference Hartford to West Hartford (Hartford City Mission and Ledyard),day_of_month,21.0,-7.426350595300117,9.722378505947292e-13,Yes,Lower
PM2.5 Difference Hartford to West Hartford (Hartford City Mission and Ledyard),day_of_month,22.0,-3.659389091868406,0.00029449841751721646,Yes,Lower
PM2.5 Difference Hartford to West Hartford (Hartford City Mission and Ledyard),day_of_month,23.0,0.2867405342001623,0.7744983203342839,No,Higher
PM2.5 Difference Hartford to West Hartford (Hartford City Mission and Ledyard),day_of_month,24.0,1.5968029146135514,0.11133509060001119,No,Higher
PM2.5 Difference Hartford to West Hartford (Hartford City Mission and Ledyard),day_of_month,25.0,-1.0398991101368555,0.2992104187169515,No,Lower
PM2.5 Difference Hartford to West Hartford (Hartford City Mission and Ledyard),day_of_month,26.0,1.5580002090975218,0.12022470949606803,No,Higher
PM2.5 Difference Hartford to West Hartford (Hartford City Mission and Ledyard),day_of_month,27.0,0.6859518215516335,0.49323403352219275,No,Higher
PM2.5 Difference Hartford to West Hartford (Hartford City Mission and Ledyard),day_of_month,28.0,2.0345630717210463,0.042701323159304305,Yes,Higher
PM2.5 Difference Hartford to West Hartford (Hartford City Mission and Ledyard),day_of_month,29.0,-0.2909137026435701,0.7713011856111223,No,Lower
PM2.5 Difference Hartford to West Hartford (Hartford City Mission and Ledyard),day_of_month,30.0,4.773865580157589,2.930548545101346e-06,Yes,Higher
PM2.5 Difference Hartford to West Hartford (Hartford City Mission and Ledyard),day_of_month,31.0,-4.892919492816926,2.1052349116456596e-06,Yes,Lower
PM2.5 Difference Hartford to West Hartford (Hartford City Mission and Ledyard),week_of_year,1,6.526871625638926,2.4946477127044073e-10,Yes,Higher
PM2.5 Difference Hartford to West Hartford (Hartford City Mission and Ledyard),week_of_year,2,-0.45971638130867476,0.6460197982349949,No,Lower
PM2.5 Difference Hartford to West Hartford (Hartford City Mission and Ledyard),week_of_year,3,-2.909845669083567,0.0038601116838508746,Yes,Lower
PM2.5 Difference Hartford to West Hartford (Hartford City Mission and Ledyard),week_of_year,4,2.2255744149620327,0.026795859341815106,Yes,Higher
PM2.5 Difference Hartford to West Hartford (Hartford City Mission and Ledyard),week_of_year,5,1.6184759075181716,0.10650114635583623,No,Higher
PM2.5 Difference Hartford to West Hartford (Hartford City Mission and Ledyard),week_of_year,6,4.6259933832131175,5.334399175093103e-06,Yes,Higher
PM2.5 Difference Hartford to West Hartford (Hartford City Mission and Ledyard),week_of_year,7,-6.372962224580164,1.5087133043038357e-09,Yes,Lower
PM2.5 Difference Hartford to West Hartford (Hartford City Mission and Ledyard),week_of_year,8,0.023052843520841835,0.9816356428251289,No,Higher
PM2.5 Difference Hartford to West Hartford (Hartford City Mission and Ledyard),week_of_year,9,-0.7054019600085358,0.4815428801708409,No,Lower
PM2.5 Difference Hartford to West Hartford (Hartford City Mission and Ledyard),week_of_year,10,-14.131212272213052,1.4432034002734298e-35,Yes,Lower
PM2.5 Difference Hartford to West Hartford (Hartford City Mission and Ledyard),week_of_year,11,-11.812700177960604,3.725325005093541e-27,Yes,Lower
PM2.5 Difference Hartford to West Hartford (Hartford City Mission and Ledyard),week_of_year,12,-4.514397025851588,8.847163224489927e-06,Yes,Lower
PM2.5 Difference Hartford to West Hartford (Hartford City Mission and Ledyard),week_of_year,13,-15.761158650595348,1.6957011522725242e-39,Yes,Lower
PM2.5 Difference Hartford to West Hartford (Hartford City Mission and Ledyard),week_of_year,14,-20.424974706544628,2.83284701846872e-47,Yes,Lower
PM2.5 Difference Hartford to West Hartford (Hartford City Mission and Ledyard),week_of_year,15,-8.391721646270273,1.9450153200210155e-14,Yes,Lower
PM2.5 Difference Hartford to West Hartford (Hartford City Mission and Ledyard),week_of_year,16,-9.082201855774505,3.165988460508775e-16,Yes,Lower
PM2.5 Difference Hartford to West Hartford (Hartford City Mission and Ledyard),week_of_year,17,-10.667114823588419,2.887782349974207e-20,Yes,Lower
PM2.5 Difference Hartford to West Hartford (Hartford City Mission and Ledyard),week_of_year,18,1.8693241841273156,0.07793664229067312,No,Higher
PM2.5 Difference Hartford to West Hartford (Hartford City Mission and Ledyard),week_of_year,19,,,No,Lower
PM2.5 Difference Hartford to West Hartford (Hartford City Mission and Ledyard),week_of_year,20,,,No,Lower
PM2.5 Difference Hartford to West Hartford (Hartford City Mission and Ledyard),week_of_year,21,,,No,Lower
PM2.5 Difference Hartford to West Hartford (Hartford City Mission and Ledyard),week_of_year,22,,,No,Lower
PM2.5 Difference Hartford to West Hartford (Hartford City Mission and Ledyard),week_of_year,23,,,No,Lower
PM2.5 Difference Hartford to West Hartford (Hartford City Mission and Ledyard),week_of_year,24,,,No,Lower
PM2.5 Difference Hartford to West Hartford (Hartford City Mission and Ledyard),week_of_year,25,-20.0285453601721,9.102028670644849e-40,Yes,Lower
PM2.5 Difference Hartford to West Hartford (Hartford City Mission and Ledyard),week_of_year,26,8.802951776717874,3.3706611322455257e-15,Yes,Higher
PM2.5 Difference Hartford to West Hartford (Hartford City Mission and Ledyard),week_of_year,27,2.5341349374897315,0.012181413693344209,Yes,Higher
PM2.5 Difference Hartford to West Hartford (Hartford City Mission and Ledyard),week_of_year,28,2.606245110869311,0.009986703966791384,Yes,Higher
PM2.5 Difference Hartford to West Hartford (Hartford City Mission and Ledyard),week_of_year,29,4.170280667623602,4.9730580151686226e-05,Yes,Higher
PM2.5 Difference Hartford to West Hartford (Hartford City Mission and Ledyard),week_of_year,30,0.054050712927635865,0.9569609498347449,No,Higher
PM2.5 Difference Hartford to West Hartford (Hartford City Mission and Ledyard),week_of_year,31,-5.640938022574073,7.0893187212202e-08,Yes,Lower
PM2.5 Difference Hartford to West Hartford (Hartford City Mission and Ledyard),week_of_year,32,-1.9764569842558533,0.049749760587122535,Yes,Lower
PM2.5 Difference Hartford to West Hartford (Hartford City Mission and Ledyard),week_of_year,33,-9.458297542647955,4.618435418137742e-17,Yes,Lower
PM2.5 Difference Hartford to West Hartford (Hartford City Mission and Ledyard),week_of_year,34,-6.565303361399933,6.364202936381754e-10,Yes,Lower
PM2.5 Difference Hartford to West Hartford (Hartford City Mission and Ledyard),week_of_year,35,-13.757591064076092,3.5369884139829835e-29,Yes,Lower
PM2.5 Difference Hartford to West Hartford (Hartford City Mission and Ledyard),week_of_year,36,9.592187356888791,1.2993217140018214e-17,Yes,Higher
PM2.5 Difference Hartford to West Hartford (Hartford City Mission and Ledyard),week_of_year,37,-15.758952347675999,7.237838513720897e-35,Yes,Lower
PM2.5 Difference Hartford to West Hartford (Hartford City Mission and Ledyard),week_of_year,38,-17.273964638287453,1.7139799211094468e-38,Yes,Lower
PM2.5 Difference Hartford to West Hartford (Hartford City Mission and Ledyard),week_of_year,39,11.182645406824436,6.161014483804171e-22,Yes,Higher
PM2.5 Difference Hartford to West Hartford (Hartford City Mission and Ledyard),week_of_year,40,1.478908991486319,0.1411064590922741,No,Higher
PM2.5 Difference Hartford to West Hartford (Hartford City Mission and Ledyard),week_of_year,41,-3.1940050521562746,0.0017192124225319425,Yes,Lower
PM2.5 Difference Hartford to West Hartford (Hartford City Mission and Ledyard),week_of_year,42,-16.878739451530198,4.148984180183382e-37,Yes,Lower
PM2.5 Difference Hartford to West Hartford (Hartford City Mission and Ledyard),week_of_year,43,-3.632054916257511,0.0003743754923940212,Yes,Lower
PM2.5 Difference Hartford to West Hartford (Hartford City Mission and Ledyard),week_of_year,44,0.8733854353303846,0.3836997059774778,No,Higher
PM2.5 Difference Hartford to West Hartford (Hartford City Mission and Ledyard),week_of_year,45,-0.7758270158556233,0.4389684841897765,No,Lower
PM2.5 Difference Hartford to West Hartford (Hartford City Mission and Ledyard),week_of_year,46,1.1599249322654948,0.24789808871534236,No,Higher
PM2.5 Difference Hartford to West Hartford (Hartford City Mission and Ledyard),week_of_year,47,-4.2879511893450735,3.202625172519155e-05,Yes,Lower
PM2.5 Difference Hartford to West Hartford (Hartford City Mission and Ledyard),week_of_year,48,5.3232253138576064,3.2676122136642283e-07,Yes,Higher
PM2.5 Difference Hartford to West Hartford (Hartford City Mission and Ledyard),week_of_year,49,5.647601512508472,7.379695384688637e-08,Yes,Higher
PM2.5 Difference Hartford to West Hartford (Hartford City Mission and Ledyard),week_of_year,50,-1.9651352577819836,0.05050137873130609,No,Lower
PM2.5 Difference Hartford to West Hartford (Hartford City Mission and Ledyard),week_of_year,51,0.9284268863205422,0.353854634838203,No,Higher
PM2.5 Difference Hartford to West Hartford (Hartford City Mission and Ledyard),week_of_year,52,10.286173707348684,9.519789602814293e-22,Yes,Higher
PM2.5 Difference Hartford to West Hartford (Hartford City Mission and Ledyard),is_holiday,0.0,-0.44775262588410925,0.6543424363589541,No,Lower
PM2.5 Difference Hartford to West Hartford (Hartford City Mission and Ledyard),is_holiday,1.0,1.570320751600557,0.11746183173970004,No,Higher
PM2.5 Difference Hartford to West Hartford (Hartford City Mission and Kingswood Oxford School),weekday,0.0,1.2655066579509608,0.20591275438386517,No,Higher
PM2.5 Difference Hartford to West Hartford (Hartford City Mission and Kingswood Oxford School),weekday,1.0,1.9889951991305594,0.04691088850997917,Yes,Higher
PM2.5 Difference Hartford to West Hartford (Hartford City Mission and Kingswood Oxford School),weekday,2.0,2.2326034577060914,0.025741897223170045,Yes,Higher
PM2.5 Difference Hartford to West Hartford (Hartford City Mission and Kingswood Oxford School),weekday,3.0,4.600535163650093,4.615896940113295e-06,Yes,Higher
PM2.5 Difference Hartford to West Hartford (Hartford City Mission and Kingswood Oxford School),weekday,4.0,-1.3176674457011963,0.18784175190717778,No,Lower
PM2.5 Difference Hartford to West Hartford (Hartford City Mission and Kingswood Oxford School),weekday,5.0,-4.397288397995376,1.1838250036140566e-05,Yes,Lower
PM2.5 Difference Hartford to West Hartford (Hartford City Mission and Kingswood Oxford School),weekday,6.0,-3.3290324344728504,0.0008951376465675156,Yes,Lower
PM2.5 Difference Hartford to West Hartford (Hartford City Mission and Kingswood Oxford School),weekday_name,Monday,1.2655066579509608,0.20591275438386517,No,Higher
PM2.5 Difference Hartford to West Hartford (Hartford City Mission and Kingswood Oxford School),weekday_name,Tuesday,1.9889951991305594,0.04691088850997917,Yes,Higher
PM2.5 Difference Hartford to West Hartford (Hartford City Mission and Kingswood Oxford School),weekday_name,Wednesday,2.2326034577060914,0.025741897223170045,Yes,Higher
PM2.5 Difference Hartford to West Hartford (Hartford City Mission and Kingswood Oxford School),weekday_name,Thursday,4.600535163650093,4.615896940113295e-06,Yes,Higher
PM2.5 Difference Hartford to West Hartford (Hartford City Mission and Kingswood Oxford School),weekday_name,Friday,-1.3176674457011963,0.18784175190717778,No,Lower
PM2.5 Difference Hartford to West Hartford (Hartford City Mission and Kingswood Oxford School),weekday_name,Saturday,-4.397288397995376,1.1838250036140566e-05,Yes,Lower
PM2.5 Difference Hartford to West Hartford (Hartford City Mission and Kingswood Oxford School),weekday_name,Sunday,-3.3290324344728504,0.0008951376465675156,Yes,Lower
PM2.5 Difference Hartford to West Hartford (Hartford City Mission and Kingswood Oxford School),month,1.0,-0.4026364293404012,0.6872758872697668,No,Lower
PM2.5 Difference Hartford to West Hartford (Hartford City Mission and Kingswood Oxford School),month,2.0,1.9474118086907863,0.05176638710248439,No,Higher
PM2.5 Difference Hartford to West Hartford (Hartford City Mission and Kingswood Oxford School),month,3.0,1.0541806513639955,0.29199327994787916,No,Higher
PM2.5 Difference Hartford to West Hartford (Hartford City Mission and Kingswood Oxford School),month,4.0,0.035978550532626954,0.9713100676778015,No,Higher
PM2.5 Difference Hartford to West Hartford (Hartford City Mission and Kingswood Oxford School),month,5.0,,,No,Lower
PM2.5 Difference Hartford to West Hartford (Hartford City Mission and Kingswood Oxford School),month,6.0,-6.0662954061417524,6.178801819616943e-09,Yes,Lower
PM2.5 Difference Hartford to West Hartford (Hartford City Mission and Kingswood Oxford School),month,7.0,4.574633718163336,5.600605566885871e-06,Yes,Higher
PM2.5 Difference Hartford to West Hartford (Hartford City Mission and Kingswood Oxford School),month,8.0,-7.167116507023835,1.8986018753836263e-12,Yes,Lower
PM2.5 Difference Hartford to West Hartford (Hartford City Mission and Kingswood Oxford School),month,9.0,-2.212053906841286,0.027281452925247758,Yes,Lower
PM2.5 Difference Hartford to West Hartford (Hartford City Mission and Kingswood Oxford School),month,10.0,-1.2124616033727948,0.22576629680472549,No,Lower
PM2.5 Difference Hartford to West Hartford (Hartford City Mission and Kingswood Oxford School),month,11.0,-3.5432759877789066,0.0004220229667386113,Yes,Lower
PM2.5 Difference Hartford to West Hartford (Hartford City Mission and Kingswood Oxford School),month,12.0,-0.576437456622106,0.5644343301023891,No,Lower
PM2.5 Difference Hartford to West Hartford (Hartford City Mission and Kingswood Oxford School),month_name,January,-0.4026364293404012,0.6872758872697668,No,Lower
PM2.5 Difference Hartford to West Hartford (Hartford City Mission and Kingswood Oxford School),month_name,February,1.9474118086907863,0.05176638710248439,No,Higher
PM2.5 Difference Hartford to West Hartford (Hartford City Mission and Kingswood Oxford School),month_name,March,1.0541806513639955,0.29199327994787916,No,Higher
PM2.5 Difference Hartford to West Hartford (Hartford City Mission and Kingswood Oxford School),month_name,April,0.035978550532626954,0.9713100676778015,No,Higher
PM2.5 Difference Hartford to West Hartford (Hartford City Mission and Kingswood Oxford School),month_name,May,,,No,Lower
PM2.5 Difference Hartford to West Hartford (Hartford City Mission and Kingswood Oxford School),month_name,June,-6.0662954061417524,6.178801819616943e-09,Yes,Lower
PM2.5 Difference Hartford to West Hartford (Hartford City Mission and Kingswood Oxford School),month_name,July,4.574633718163336,5.600605566885871e-06,Yes,Higher
PM2.5 Difference Hartford to West Hartford (Hartford City Mission and Kingswood Oxford School),month_name,August,-7.167116507023835,1.8986018753836263e-12,Yes,Lower
PM2.5 Difference Hartford to West Hartford (Hartford City Mission and Kingswood Oxford School),month_name,September,-2.212053906841286,0.027281452925247758,Yes,Lower
PM2.5 Difference Hartford to West Hartford (Hartford City Mission and Kingswood Oxford School),month_name,October,-1.2124616033727948,0.22576629680472549,No,Lower
PM2.5 Difference Hartford to West Hartford (Hartford City Mission and Kingswood Oxford School),month_name,November,-3.5432759877789066,0.0004220229667386113,Yes,Lower
PM2.5 Difference Hartford to West Hartford (Hartford City Mission and Kingswood Oxford School),month_name,December,-0.576437456622106,0.5644343301023891,No,Lower
PM2.5 Difference Hartford to West Hartford (Hartford City Mission and Kingswood Oxford School),time_of_day,morning,9.176089690350318,9.588120776693927e-20,Yes,Higher
PM2.5 Difference Hartford to West Hartford (Hartford City Mission and Kingswood Oxford School),time_of_day,midday,8.544716457497495,2.103120393509038e-17,Yes,Higher
PM2.5 Difference Hartford to West Hartford (Hartford City Mission and Kingswood Oxford School),time_of_day,evening,-7.840579997007998,7.365941844120354e-15,Yes,Lower
PM2.5 Difference Hartford to West Hartford (Hartford City Mission and Kingswood Oxford School),time_of_day,night,-4.686101319817594,2.9484356184917e-06,Yes,Lower
PM2.5 Difference Hartford to West Hartford (Hartford City Mission and Kingswood Oxford School),rush_hour,0.0,-1.4589258837279133,0.14462396085796772,No,Lower
PM2.5 Difference Hartford to West Hartford (Hartford City Mission and Kingswood Oxford School),rush_hour,1.0,5.811335438034624,8.091007021204431e-09,Yes,Higher
PM2.5 Difference Hartford to West Hartford (Hartford City Mission and Kingswood Oxford School),season,Fall,-4.17137938444258,3.1532594483257843e-05,Yes,Lower
PM2.5 Difference Hartford to West Hartford (Hartford City Mission and Kingswood Oxford School),season,Spring,0.8585220647002005,0.39070728337250804,No,Higher
PM2.5 Difference Hartford to West Hartford (Hartford City Mission and Kingswood Oxford School),season,Summer,2.37853032480127,0.017494226881732446,Yes,Higher
PM2.5 Difference Hartford to West Hartford (Hartford City Mission and Kingswood Oxford School),season,Winter,0.2830439053851722,0.7771596513842655,No,Higher
PM2.5 Difference Hartford to West Hartford (Hartford City Mission and Kingswood Oxford School),hour,0.0,-1.5722158919810354,0.1167327075572534,No,Lower
PM2.5 Difference Hartford to West Hartford (Hartford City Mission and Kingswood Oxford School),hour,1.0,-0.3653306620916657,0.7150652131044857,No,Lower
PM2.5 Difference Hartford to West Hartford (Hartford City Mission and Kingswood Oxford School),hour,2.0,1.4272925368427463,0.15432773204504915,No,Higher
PM2.5 Difference Hartford to West Hartford (Hartford City Mission and Kingswood Oxford School),hour,3.0,0.8087032322761107,0.41918792291025053,No,Higher
PM2.5 Difference Hartford to West Hartford (Hartford City Mission and Kingswood Oxford School),hour,4.0,1.9226016823317622,0.055273370419750334,No,Higher
PM2.5 Difference Hartford to West Hartford (Hartford City Mission and Kingswood Oxford School),hour,5.0,2.757065283305253,0.006109943695868551,Yes,Higher
PM2.5 Difference Hartford to West Hartford (Hartford City Mission and Kingswood Oxford School),hour,6.0,3.01464890624081,0.0027422885031829296,Yes,Higher
PM2.5 Difference Hartford to West Hartford (Hartford City Mission and Kingswood Oxford School),hour,7.0,4.441271476094213,1.1701471166947013e-05,Yes,Higher
PM2.5 Difference Hartford to West Hartford (Hartford City Mission and Kingswood Oxford School),hour,8.0,5.3379350202447355,1.6032221362522808e-07,Yes,Higher
PM2.5 Difference Hartford to West Hartford (Hartford City Mission and Kingswood Oxford School),hour,9.0,4.796503626528794,2.3020009177335843e-06,Yes,Higher
PM2.5 Difference Hartford to West Hartford (Hartford City Mission and Kingswood Oxford School),hour,10.0,4.715094595609366,3.3718821234141334e-06,Yes,Higher
PM2.5 Difference Hartford to West Hartford (Hartford City Mission and Kingswood Oxford School),hour,11.0,5.841072889974409,1.0924557957222571e-08,Yes,Higher
PM2.5 Difference Hartford to West Hartford (Hartford City Mission and Kingswood Oxford School),hour,12.0,4.130680287291317,4.428005757579679e-05,Yes,Higher
PM2.5 Difference Hartford to West Hartford (Hartford City Mission and Kingswood Oxford School),hour,13.0,2.988840123328987,0.0029763013299910633,Yes,Higher
PM2.5 Difference Hartford to West Hartford (Hartford City Mission and Kingswood Oxford School),hour,14.0,2.773556837825792,0.005808291422428117,Yes,Higher
PM2.5 Difference Hartford to West Hartford (Hartford City Mission and Kingswood Oxford School),hour,15.0,1.387795302060405,0.16598569421247394,No,Higher
PM2.5 Difference Hartford to West Hartford (Hartford City Mission and Kingswood Oxford School),hour,16.0,1.156553052256177,0.24816295198866545,No,Higher
PM2.5 Difference Hartford to West Hartford (Hartford City Mission and Kingswood Oxford School),hour,17.0,-1.5829282188018128,0.11425256369276866,No,Lower
PM2.5 Difference Hartford to West Hartford (Hartford City Mission and Kingswood Oxford School),hour,18.0,-4.289806823616777,2.2603514412709986e-05,Yes,Lower
PM2.5 Difference Hartford to West Hartford (Hartford City Mission and Kingswood Oxford School),hour,19.0,-7.257822331315056,2.161937600335587e-12,Yes,Lower
PM2.5 Difference Hartford to West Hartford (Hartford City Mission and Kingswood Oxford School),hour,20.0,-4.50982963304129,8.644266819106537e-06,Yes,Lower
PM2.5 Difference Hartford to West Hartford (Hartford City Mission and Kingswood Oxford School),hour,21.0,-2.10677524918768,0.03580082444214034,Yes,Lower
PM2.5 Difference Hartford to West Hartford (Hartford City Mission and Kingswood Oxford School),hour,22.0,-4.590135955571298,6.052437556689986e-06,Yes,Lower
PM2.5 Difference Hartford to West Hartford (Hartford City Mission and Kingswood Oxford School),hour,23.0,-4.650735108462988,4.572156973107983e-06,Yes,Lower
PM2.5 Difference Hartford to West Hartford (Hartford City Mission and Kingswood Oxford School),day_of_month,1.0,-1.133880468301476,0.25779091767203943,No,Lower
PM2.5 Difference Hartford to West Hartford (Hartford City Mission and Kingswood Oxford School),day_of_month,2.0,-1.308932923427541,0.1916041500335173,No,Lower
PM2.5 Difference Hartford to West Hartford (Hartford City Mission and Kingswood Oxford School),day_of_month,3.0,1.657021882766943,0.09860777164568665,No,Higher
PM2.5 Difference Hartford to West Hartford (Hartford City Mission and Kingswood Oxford School),day_of_month,4.0,2.0952127522543718,0.03705679039536167,Yes,Higher
PM2.5 Difference Hartford to West Hartford (Hartford City Mission and Kingswood Oxford School),day_of_month,5.0,0.5239648643991376,0.600705962444013,No,Higher
PM2.5 Difference Hartford to West Hartford (Hartford City Mission and Kingswood Oxford School),day_of_month,6.0,0.689629183611762,0.4909695227980112,No,Higher
PM2.5 Difference Hartford to West Hartford (Hartford City Mission and Kingswood Oxford School),day_of_month,7.0,-5.2030310228834376,3.5989832134113287e-07,Yes,Lower
PM2.5 Difference Hartford to West Hartford (Hartford City Mission and Kingswood Oxford School),day_of_month,8.0,0.28673771610200466,0.7745151239189854,No,Higher
PM2.5 Difference Hartford to West Hartford (Hartford City Mission and Kingswood Oxford School),day_of_month,9.0,1.8676005526064803,0.0628092508355551,No,Higher
PM2.5 Difference Hartford to West Hartford (Hartford City Mission and Kingswood Oxford School),day_of_month,10.0,2.375923822286275,0.018137156278717124,Yes,Higher
PM2.5 Difference Hartford to West Hartford (Hartford City Mission and Kingswood Oxford School),day_of_month,11.0,0.788496342867506,0.43101886450641347,No,Higher
PM2.5 Difference Hartford to West Hartford (Hartford City Mission and Kingswood Oxford School),day_of_month,12.0,-0.3296515074411331,0.74188737540306,No,Lower
PM2.5 Difference Hartford to West Hartford (Hartford City Mission and Kingswood Oxford School),day_of_month,13.0,-2.0073619484269827,0.045619914607239236,Yes,Lower
PM2.5 Difference Hartford to West Hartford (Hartford City Mission and Kingswood Oxford School),day_of_month,14.0,-4.272542042981116,2.6569875633163785e-05,Yes,Lower
PM2.5 Difference Hartford to West Hartford (Hartford City Mission and Kingswood Oxford School),day_of_month,15.0,1.3534830814836603,0.17694813720292765,No,Higher
PM2.5 Difference Hartford to West Hartford (Hartford City Mission and Kingswood Oxford School),day_of_month,16.0,-1.7194522352202288,0.08658453126695825,No,Lower
PM2.5 Difference Hartford to West Hartford (Hartford City Mission and Kingswood Oxford School),day_of_month,17.0,1.5944428056786697,0.111859179043871,No,Higher
PM2.5 Difference Hartford to West Hartford (Hartford City Mission and Kingswood Oxford School),day_of_month,18.0,-4.513384130204902,9.131826098049328e-06,Yes,Lower
PM2.5 Difference Hartford to West Hartford (Hartford City Mission and Kingswood Oxford School),day_of_month,19.0,-2.433230019719589,0.015544897856405256,Yes,Lower
PM2.5 Difference Hartford to West Hartford (Hartford City Mission and Kingswood Oxford School),day_of_month,20.0,-2.097982924799869,0.03672381372706129,Yes,Lower
PM2.5 Difference Hartford to West Hartford (Hartford City Mission and Kingswood Oxford School),day_of_month,21.0,-3.7411503493805287,0.00021715709280290064,Yes,Lower
PM2.5 Difference Hartford to West Hartford (Hartford City Mission and Kingswood Oxford School),day_of_month,22.0,-0.14063193054845813,0.8882470461639695,No,Lower
PM2.5 Difference Hartford to West Hartford (Hartford City Mission and Kingswood Oxford School),day_of_month,23.0,1.6586888472053778,0.09816445939571664,No,Higher
PM2.5 Difference Hartford to West Hartford (Hartford City Mission and Kingswood Oxford School),day_of_month,24.0,1.9825339994418316,0.048293588522838674,Yes,Higher
PM2.5 Difference Hartford to West Hartford (Hartford City Mission and Kingswood Oxford School),day_of_month,25.0,-2.1331778682236964,0.0337081357029646,Yes,Lower
PM2.5 Difference Hartford to West Hartford (Hartford City Mission and Kingswood Oxford School),day_of_month,26.0,0.5522970400247336,0.581131603093793,No,Higher
PM2.5 Difference Hartford to West Hartford (Hartford City Mission and Kingswood Oxford School),day_of_month,27.0,2.1993752281940644,0.028557332712651387,Yes,Higher
PM2.5 Difference Hartford to West Hartford (Hartford City Mission and Kingswood Oxford School),day_of_month,28.0,1.417883891153084,0.15718273079377548,No,Higher
PM2.5 Difference Hartford to West Hartford (Hartford City Mission and Kingswood Oxford School),day_of_month,29.0,0.3088678981199073,0.7576211420705491,No,Higher
PM2.5 Difference Hartford to West Hartford (Hartford City Mission and Kingswood Oxford School),day_of_month,30.0,0.6265487462724275,0.5314767210677642,No,Higher
PM2.5 Difference Hartford to West Hartford (Hartford City Mission and Kingswood Oxford School),day_of_month,31.0,-5.395152991843595,2.0114198952365973e-07,Yes,Lower
PM2.5 Difference Hartford to West Hartford (Hartford City Mission and Kingswood Oxford School),week_of_year,1,-1.4616097406138948,0.144788355300736,No,Lower
PM2.5 Difference Hartford to West Hartford (Hartford City Mission and Kingswood Oxford School),week_of_year,2,0.37529451946941245,0.7076803698821008,No,Higher
PM2.5 Difference Hartford to West Hartford (Hartford City Mission and Kingswood Oxford School),week_of_year,3,0.6998580357868479,0.4845244206663256,No,Higher
PM2.5 Difference Hartford to West Hartford (Hartford City Mission and Kingswood Oxford School),week_of_year,4,1.6108305134664784,0.10828247434025556,No,Higher
PM2.5 Difference Hartford to West Hartford (Hartford City Mission and Kingswood Oxford School),week_of_year,5,3.4323285315714647,0.0006734076494912565,Yes,Higher
PM2.5 Difference Hartford to West Hartford (Hartford City Mission and Kingswood Oxford School),week_of_year,6,1.547769827140529,0.12262186864264338,No,Higher
PM2.5 Difference Hartford to West Hartford (Hartford City Mission and Kingswood Oxford School),week_of_year,7,-2.871056290531452,0.004581818079684632,Yes,Lower
PM2.5 Difference Hartford to West Hartford (Hartford City Mission and Kingswood Oxford School),week_of_year,8,-0.5535070308966696,0.5806610098297839,No,Lower
PM2.5 Difference Hartford to West Hartford (Hartford City Mission and Kingswood Oxford School),week_of_year,9,3.1225733981853594,0.00211351878320429,Yes,Higher
PM2.5 Difference Hartford to West Hartford (Hartford City Mission and Kingswood Oxford School),week_of_year,10,-3.030153936354843,0.002643566128063463,Yes,Lower
PM2.5 Difference Hartford to West Hartford (Hartford City Mission and Kingswood Oxford School),week_of_year,11,0.7432101768249036,0.45787532375384044,No,Higher
PM2.5 Difference Hartford to West Hartford (Hartford City Mission and Kingswood Oxford School),week_of_year,12,3.0713033790619195,0.0023057190832895145,Yes,Higher
PM2.5 Difference Hartford to West Hartford (Hartford City Mission and Kingswood Oxford School),week_of_year,13,-1.3864281363848265,0.16683193412822903,No,Lower
PM2.5 Difference Hartford to West Hartford (Hartford City Mission and Kingswood Oxford School),week_of_year,14,-4.3826777944277335,2.0660745238799967e-05,Yes,Lower
PM2.5 Difference Hartford to West Hartford (Hartford City Mission and Kingswood Oxford School),week_of_year,15,0.2988651126421529,0.765414543691631,No,Higher
PM2.5 Difference Hartford to West Hartford (Hartford City Mission and Kingswood Oxford School),week_of_year,16,0.912727192931595,0.36271772006275604,No,Higher
PM2.5 Difference Hartford to West Hartford (Hartford City Mission and Kingswood Oxford School),week_of_year,17,2.315653347332216,0.021888174455299305,Yes,Higher
PM2.5 Difference Hartford to West Hartford (Hartford City Mission and Kingswood Oxford School),week_of_year,18,3.085877131938008,0.006083558771767267,Yes,Higher
PM2.5 Difference Hartford to West Hartford (Hartford City Mission and Kingswood Oxford School),week_of_year,19,,,No,Lower
PM2.5 Difference Hartford to West Hartford (Hartford City Mission and Kingswood Oxford School),week_of_year,20,,,No,Lower
PM2.5 Difference Hartford to West Hartford (Hartford City Mission and Kingswood Oxford School),week_of_year,21,,,No,Lower
PM2.5 Difference Hartford to West Hartford (Hartford City Mission and Kingswood Oxford School),week_of_year,22,,,No,Lower
PM2.5 Difference Hartford to West Hartford (Hartford City Mission and Kingswood Oxford School),week_of_year,23,,,No,Lower
PM2.5 Difference Hartford to West Hartford (Hartford City Mission and Kingswood Oxford School),week_of_year,24,,,No,Lower
PM2.5 Difference Hartford to West Hartford (Hartford City Mission and Kingswood Oxford School),week_of_year,25,-5.27118183975216,7.193140100521525e-07,Yes,Lower
PM2.5 Difference Hartford to West Hartford (Hartford City Mission and Kingswood Oxford School),week_of_year,26,-2.236184536605257,0.026845812479210467,Yes,Lower
PM2.5 Difference Hartford to West Hartford (Hartford City Mission and Kingswood Oxford School),week_of_year,27,3.152028172799405,0.001918607612041938,Yes,Higher
PM2.5 Difference Hartford to West Hartford (Hartford City Mission and Kingswood Oxford School),week_of_year,28,3.942660505174336,0.00011859661704521504,Yes,Higher
PM2.5 Difference Hartford to West Hartford (Hartford City Mission and Kingswood Oxford School),week_of_year,29,0.5418854547157151,0.5886512568738314,No,Higher
PM2.5 Difference Hartford to West Hartford (Hartford City Mission and Kingswood Oxford School),week_of_year,30,-1.2417557187774864,0.2161105199545742,No,Lower
PM2.5 Difference Hartford to West Hartford (Hartford City Mission and Kingswood Oxford School),week_of_year,31,-5.792390060375289,3.366085707153864e-08,Yes,Lower
PM2.5 Difference Hartford to West Hartford (Hartford City Mission and Kingswood Oxford School),week_of_year,32,-2.937672369215377,0.003774392861418295,Yes,Lower
PM2.5 Difference Hartford to West Hartford (Hartford City Mission and Kingswood Oxford School),week_of_year,33,-2.3521707318966816,0.01991297024383754,Yes,Lower
PM2.5 Difference Hartford to West Hartford (Hartford City Mission and Kingswood Oxford School),week_of_year,34,-2.353123354015721,0.019787946723079087,Yes,Lower
PM2.5 Difference Hartford to West Hartford (Hartford City Mission and Kingswood Oxford School),week_of_year,35,-3.6696032499343794,0.00033233752511041575,Yes,Lower
PM2.5 Difference Hartford to West Hartford (Hartford City Mission and Kingswood Oxford School),week_of_year,36,3.0164424898430204,0.0029602831900138677,Yes,Higher
PM2.5 Difference Hartford to West Hartford (Hartford City Mission and Kingswood Oxford School),week_of_year,37,-4.157206489728198,5.1376591937725904e-05,Yes,Lower
PM2.5 Difference Hartford to West Hartford (Hartford City Mission and Kingswood Oxford School),week_of_year,38,-5.587275814386242,9.485907508002857e-08,Yes,Lower
PM2.5 Difference Hartford to West Hartford (Hartford City Mission and Kingswood Oxford School),week_of_year,39,-3.8010497492271673,0.00020404541315663304,Yes,Lower
PM2.5 Difference Hartford to West Hartford (Hartford City Mission and Kingswood Oxford School),week_of_year,40,1.292259174459273,0.19835175225634769,No,Higher
PM2.5 Difference Hartford to West Hartford (Hartford City Mission and Kingswood Oxford School),week_of_year,41,1.3366029690263541,0.1837995523963428,No,Higher
PM2.5 Difference Hartford to West Hartford (Hartford City Mission and Kingswood Oxford School),week_of_year,42,-5.7692704011032285,4.1189162227847235e-08,Yes,Lower
PM2.5 Difference Hartford to West Hartford (Hartford City Mission and Kingswood Oxford School),week_of_year,43,0.4269319265673932,0.6699821145544287,No,Higher
PM2.5 Difference Hartford to West Hartford (Hartford City Mission and Kingswood Oxford School),week_of_year,44,-2.148322329731447,0.033120663004379644,Yes,Lower
PM2.5 Difference Hartford to West Hartford (Hartford City Mission and Kingswood Oxford School),week_of_year,45,-4.669316654820971,6.255202161087026e-06,Yes,Lower
PM2.5 Difference Hartford to West Hartford (Hartford City Mission and Kingswood Oxford School),week_of_year,46,-0.8377700930065072,0.4034752217970612,No,Lower
PM2.5 Difference Hartford to West Hartford (Hartford City Mission and Kingswood Oxford School),week_of_year,47,-3.261175242525882,0.0013715546048321638,Yes,Lower
PM2.5 Difference Hartford to West Hartford (Hartford City Mission and Kingswood Oxford School),week_of_year,48,0.8351345262982417,0.40484230982827907,No,Higher
PM2.5 Difference Hartford to West Hartford (Hartford City Mission and Kingswood Oxford School),week_of_year,49,-0.43780193258400024,0.6621277725969805,No,Lower
PM2.5 Difference Hartford to West Hartford (Hartford City Mission and Kingswood Oxford School),week_of_year,50,-2.456099353381348,0.01472367153648585,Yes,Lower
PM2.5 Difference Hartford to West Hartford (Hartford City Mission and Kingswood Oxford School),week_of_year,51,-1.7638750411471804,0.07866445811845481,No,Lower
PM2.5 Difference Hartford to West Hartford (Hartford City Mission and Kingswood Oxford School),week_of_year,52,1.1991520490685492,0.23131632468808352,No,Higher
PM2.5 Difference Hartford to West Hartford (Hartford City Mission and Kingswood Oxford School),is_holiday,0.0,-0.06814488210281813,0.9456718152415001,No,Lower
PM2.5 Difference Hartford to West Hartford (Hartford City Mission and Kingswood Oxford School),is_holiday,1.0,0.19541433113232234,0.8452150328588252,No,Higher
